season,round_number,voter,submitter,points,title,artist,submitted_obscurity,submitted_energy_pct,submitted_top_tag,spotify_uri
1,,Kristin,Mashew,2,Hideaway,Kiesza,35,31,,spotify:track:0c6xIDDpzE81m2q797ordA
1,,Kristin,Mashew,4,"I Believe in a Thing Called Love","The Darkness",24,90,rock,spotify:track:756CJtQRFSxEx9jV4P9hpA
1,,Kristin,Mashew,5,"The Suffering","Coheed and Cambria",43,13,,spotify:track:4dcUque6026WExzwJYWG7H
1,,Kristin,Mashew,3,"Purple Haze","Jimi Hendrix",16,60,"classic rock",spotify:track:0wJoRiX5K5BxlqZTolB2LD
1,,Kristin,Mashew,2,"Come Down","Anderson .Paak",34,72,,spotify:track:276zciJ7Fg7Jk6Ta6QuLkp
1,,Kristin,Mashew,3,"Guerrilla Radio","Rage Against The Machine",21,41,rock,spotify:track:1wsRitfRRtWyEapl0q22o8
1,,Kristin,Mashew,1,Abissama,"Incredible Polo",81,50,,spotify:track:2mNmKVBJ1U1nuPFJ5VGjCl
1,,Kristin,"Sasha Mariana",2,"Moves Like Jagger - Studio Recording From ""The Voice"" Performance","Maroon 5, Christina Aguilera",95,86,,spotify:track:7LcfRTgAVTs5pQGEQgUEzN
1,,Kristin,"Sasha Mariana",5,"Hooked On A Feeling","Blue Swede, Björn Skifs",82,50,,spotify:track:6Ac4NVYYl2U73QiTt11ZKd
1,,Kristin,"Sasha Mariana",4,"Blurred Lines","Robin Thicke, T.I., Pharrell Williams",83,32,,spotify:track:0n4bITAu0Y0nigrz3MFJMb
1,,Kristin,"Sasha Mariana",3,vampire,"Olivia Rodrigo",1,55,"pop rock",spotify:track:1kuGVB7EU95pJObxwvfwKS
1,,Kristin,"Sasha Mariana",4,"La Vie en rose","Édith Piaf",42,30,,spotify:track:3lAun9V0YdTlCSIEXPvfsY
1,,Kristin,gregamariani,5,"Party In The U.S.A.","Miley Cyrus",8,57,pop,spotify:track:5Q0Nhxo0l2bP3pNjpGJwV1
1,,Kristin,gregamariani,3,"Hands Down","Dashboard Confessional",29,42,,spotify:track:3Gd6RkNpDERm3rVm9xk2BZ
1,,Kristin,jellydru,2,"All Star","Smash Mouth",14,63,rock,spotify:track:3cfOd4CMv2snFaKAnMdnvK
1,,Kristin,jellydru,1,BIRDBRAIN,"Jamie Paige, OK Glass",85,65,,spotify:track:2DAZakhs7RRCoM6pvLpUEz
1,,Kristin,jellydru,3,"Flight of the Crows",Jhariah,50,61,,spotify:track:2SgpLPEfLGWDMkCT9nFAO6
1,,Kristin,jellydru,1,"Немое кино",Grad!ent,81,87,,spotify:track:1lBOIouZlyCvGPTtDF5p5d
1,,Kristin,lorimariani,6,"Don't You (Forget About Me)","Simple Minds",20,37,80s,spotify:track:6yEAAIEHu4GcUFptg5W9kI
1,,Kristin,lorimariani,2,"The Reason",Hoobastank,8,86,rock,spotify:track:58AwxWLaRHn2lTqqH9dLkU
1,,Kristin,lorimariani,3,"Losing My Religion",R.E.M.,4,12,rock,spotify:track:31AOj9sFz2gM0O3hMARRBx
1,,Kristin,lorimariani,5,"Dancing In the Dark","Bruce Springsteen",15,40,rock,spotify:track:7FwBtcecmlpc1sLySPXeGE
1,,Kristin,lorimariani,2,"Sultans of Swing","Dire Straits",5,46,"classic rock",spotify:track:6cr6UDpkjEaMQ80OjWqEBQ
1,,Kristin,lorimariani,4,"99 Luftballons",Nena,22,21,80s,spotify:track:2IJftBfq7pJ43tfnOR0RB3
1,,Kristin,margs,2,"My Heart Will Go On - Love Theme from ""Titanic""","Céline Dion",42,35,,spotify:track:33LC84JgLvK2KuW43MfaNq
1,,Kristin,margs,2,"Call Me Maybe","Carly Rae Jepsen",5,33,pop,spotify:track:3TGRqZ0a2l1LRblBkJoaDx
1,,Kristin,margs,3,"Sugar, We're Goin Down","Fall Out Boy",8,79,"pop punk",spotify:track:2TfSHkHiFO4gRztVIkggkE
1,,Kristin,margs,3,"Blank Space","Taylor Swift",2,53,pop,spotify:track:1u8c2t2Cy7UBoG4ArRcF5g
1,,Kristin,margs,2,"Baby Got Back","Sir Mix-A-Lot",35,39,Hip-Hop,spotify:track:1SAkL1mYNJlaqnBQxVZrRl
1,,Kristin,margs,2,"Graduation (Friends Forever)","Vitamin C",65,31,,spotify:track:45V4Mk7vZV2b9JfSWuUX9m
1,,Kristin,margs,3,"Dos Oruguitas","Sebastian Yatra",49,9,,spotify:track:5rohUzwEoRsUvAA1Bf3DLo
1,,Kristin,missmara,3,Starboy,"The Weeknd, Daft Punk",65,99,,spotify:track:7MXVkk9YMctZqd1Srtv4MB
1,,Kristin,missmara,3,"Somebody That I Used To Know","Gotye, Kimbra",3,16,indie,spotify:track:4wCmqSrbyCgxEXROQE6vtV
1,,Kristin,missmara,3,"Tiny Dancer","Elton John",17,49,"classic rock",spotify:track:2TVxnKdb3tqe1nhQWwwZCO
1,,Kristin,missmara,1,"Ca Plane Pour Moi","Plastic Bertrand",65,27,,spotify:track:4sf4Lq52b2iCoAgpge7a9g
1,,Kristin,mmariani13,3,"Blah Blah Blah (feat. 3OH!3)","Kesha, 3OH!3",83,60,,spotify:track:7lWUJpax919G4JdaFEVmCy
1,,Kristin,mmariani13,4,"I Write Sins Not Tragedies","Panic! At The Disco",4,74,rock,spotify:track:4bPQs0PHn4xbipzdPfn6du
1,,Kristin,mmariani13,2,"It's Gonna Be Me",*NSYNC,34,34,pop,spotify:track:2AW37v0bDyuOzGP3XnmFuA
1,,Kristin,mmariani13,3,"Good Riddance (Time of Your Life)","Green Day",12,45,acoustic,spotify:track:6ORqU0bHbVCRjXm9AjyHyZ
1,,Kristin,mmariani13,5,"Killing Me Softly With His Song","Fugees, Ms. Lauryn Hill",79,32,,spotify:track:0Q0IVlqMV64kNLlwjPj0Hl
1,,Kristin,mmariani13,1,Faufile,"Charlotte Cardin",80,40,,spotify:track:3pgnyg25pkcNlcKuaKnh6b
1,,Mashew,Kristin,5,"The Fox (What Does the Fox Say?)",Ylvis,49,82,,spotify:track:5HOpkTTVcmZHnthgyxrIL8
1,,Mashew,Kristin,5,"Bohemian Rhapsody - Remastered 2011",Queen,8,38,"classic rock",spotify:track:7tFiyTwD0nx5a1eklYtX2J
1,,Mashew,Kristin,2,"Baby Got Back","Sir Mix-A-Lot",35,39,Hip-Hop,spotify:track:1SAkL1mYNJlaqnBQxVZrRl
1,,Mashew,Kristin,5,"Smells Like Teen Spirit",Nirvana,1,68,Grunge,spotify:track:5ghIJDpPoe3CfHMGu71E6T
1,,Mashew,Kristin,1,"Drunk in Love (feat. JAY-Z)","Beyoncé, JAŸ-Z",88,60,,spotify:track:6jG2YzhxptolDzLHTGLt7S
1,,Mashew,Kristin,2,Iris,"The Goo Goo Dolls",18,42,,spotify:track:6Qyc6fS4DsZjB2mRW9DsQs
1,,Mashew,Kristin,2,"Gangnam Style (강남스타일)",PSY,66,92,,spotify:track:03UrZgTINDqvnUMbbIMhql
1,,Mashew,Mashew,0,"Belleville rendez-vous - Version française",-M-,86,36,,spotify:track:19UacICIUpQyCSaqqUbhsU
1,,Mashew,"Sasha Mariana",1,"Moves Like Jagger - Studio Recording From ""The Voice"" Performance","Maroon 5, Christina Aguilera",95,86,,spotify:track:7LcfRTgAVTs5pQGEQgUEzN
1,,Mashew,"Sasha Mariana",2,"Hooked On A Feeling","Blue Swede, Björn Skifs",82,50,,spotify:track:6Ac4NVYYl2U73QiTt11ZKd
1,,Mashew,"Sasha Mariana",1,"Blurred Lines","Robin Thicke, T.I., Pharrell Williams",83,32,,spotify:track:0n4bITAu0Y0nigrz3MFJMb
1,,Mashew,"Sasha Mariana",2,"In Too Deep","Sum 41",13,75,"punk rock",spotify:track:1HNE2PX70ztbEl6MLxrpNL
1,,Mashew,"Sasha Mariana",1,"A Bar Song (Tipsy)",Shaboozey,24,76,country,spotify:track:2FQrifJ1N335Ljm3TjTVVf
1,,Mashew,"Sasha Mariana",2,vampire,"Olivia Rodrigo",1,55,"pop rock",spotify:track:1kuGVB7EU95pJObxwvfwKS
1,,Mashew,"Sasha Mariana",1,"La Vie en rose","Édith Piaf",42,30,,spotify:track:3lAun9V0YdTlCSIEXPvfsY
1,,Mashew,"Sasha Mariana",6,Santeria,Sublime,7,76,ska,spotify:track:2hnMS47jN0etwvFPzYk11f
1,,Mashew,gregamariani,1,"Party In The U.S.A.","Miley Cyrus",8,57,pop,spotify:track:5Q0Nhxo0l2bP3pNjpGJwV1
1,,Mashew,gregamariani,1,Magic,Pilot,53,27,,spotify:track:500h8jAdr7LvzzXlm1qxtK
1,,Mashew,gregamariani,4,"That Thing You Do!","The Wonders",62,72,,spotify:track:4O6ZaZrRCFfiZZKjnrXqlk
1,,Mashew,gregamariani,2,"Hands Down","Dashboard Confessional",29,42,,spotify:track:3Gd6RkNpDERm3rVm9xk2BZ
1,,Mashew,gregamariani,1,"Ven Conmigo (Solamente Tú)","Christina Aguilera",69,39,,spotify:track:2PYJnUWEPPP8C6b79UiwIl
1,,Mashew,jellydru,3,"Thnks fr th Mmrs","Fall Out Boy",6,61,rock,spotify:track:3Zwu2K0Qa5sT6teCCHPShP
1,,Mashew,jellydru,1,"Lone Digger","Caravan Palace",32,73,"electro swing",spotify:track:0thLhIqWsqqycEqFONOyhu
1,,Mashew,jellydru,3,BIRDBRAIN,"Jamie Paige, OK Glass",85,65,,spotify:track:2DAZakhs7RRCoM6pvLpUEz
1,,Mashew,jellydru,1,Cannibal,"Tally Hall",43,73,,spotify:track:3rM10JnYLTVRFBqzMe9Q6Q
1,,Mashew,lorimariani,2,"Don't You (Forget About Me)","Simple Minds",20,37,80s,spotify:track:6yEAAIEHu4GcUFptg5W9kI
1,,Mashew,lorimariani,1,"The Reason",Hoobastank,8,86,rock,spotify:track:58AwxWLaRHn2lTqqH9dLkU
1,,Mashew,lorimariani,2,"Losing My Religion",R.E.M.,4,12,rock,spotify:track:31AOj9sFz2gM0O3hMARRBx
1,,Mashew,lorimariani,2,"Dancing In the Dark","Bruce Springsteen",15,40,rock,spotify:track:7FwBtcecmlpc1sLySPXeGE
1,,Mashew,lorimariani,1,"Sultans of Swing","Dire Straits",5,46,"classic rock",spotify:track:6cr6UDpkjEaMQ80OjWqEBQ
1,,Mashew,lorimariani,3,"99 Luftballons",Nena,22,21,80s,spotify:track:2IJftBfq7pJ43tfnOR0RB3
1,,Mashew,margs,1,"Low (feat. T-Pain)","Flo Rida, T-Pain",20,53,Hip-Hop,spotify:track:0CAfXk7DXMnon4gLudAp7J
1,,Mashew,margs,4,"Sugar, We're Goin Down","Fall Out Boy",8,79,"pop punk",spotify:track:2TfSHkHiFO4gRztVIkggkE
1,,Mashew,margs,1,"Baby Got Back","Sir Mix-A-Lot",35,39,Hip-Hop,spotify:track:1SAkL1mYNJlaqnBQxVZrRl
1,,Mashew,margs,1,"Love On Top","Beyoncé",16,59,soul,spotify:track:1z6WtY7X4HQJvzxC4UgkSf
1,,Mashew,missmara,3,Starboy,"The Weeknd, Daft Punk",65,99,,spotify:track:7MXVkk9YMctZqd1Srtv4MB
1,,Mashew,missmara,4,"Where Is My Mind?",Pixies,7,28,alternative,spotify:track:0KzAbK6nItSqNh8q70tb0K
1,,Mashew,missmara,5,"Somebody That I Used To Know","Gotye, Kimbra",3,16,indie,spotify:track:4wCmqSrbyCgxEXROQE6vtV
1,,Mashew,missmara,5,"Teenage Dirtbag",Wheatus,9,16,rock,spotify:track:25FTMokYEbEWHEdss5JLZS
1,,Mashew,missmara,5,"Tiny Dancer","Elton John",17,49,"classic rock",spotify:track:2TVxnKdb3tqe1nhQWwwZCO
1,,Mashew,missmara,7,"Space Oddity - 1999 Remaster","David Bowie",27,32,,spotify:track:22yy03IdKXGRUFMQX8EfBv
1,,Mashew,missmara,6,"Taper Jean Girl","Kings of Leon",40,73,,spotify:track:6kUktzISXJLuUurOFhc2Ms
1,,Mashew,missmara,7,"Ca Plane Pour Moi","Plastic Bertrand",65,27,,spotify:track:4sf4Lq52b2iCoAgpge7a9g
1,,Mashew,missmara,7,"Bad Blood (feat. Kendrick Lamar) (Taylor's Version)","Taylor Swift, Kendrick Lamar",76,65,,spotify:track:6qAcApH8obo8eqatCKUHd9
1,,Mashew,mmariani13,1,"Blah Blah Blah (feat. 3OH!3)","Kesha, 3OH!3",83,60,,spotify:track:7lWUJpax919G4JdaFEVmCy
1,,Mashew,mmariani13,1,"You Never Can Tell","Chuck Berry",34,42,,spotify:track:7p6ZGUXjUe0ctAu5RNnghu
1,,Mashew,mmariani13,1,"Brimful of Asha",Cornershop,55,13,,spotify:track:1t6tQ0ETeOIDl5cscjEC55
1,,Mashew,mmariani13,2,"I Write Sins Not Tragedies","Panic! At The Disco",4,74,rock,spotify:track:4bPQs0PHn4xbipzdPfn6du
1,,Mashew,mmariani13,3,"Good Riddance (Time of Your Life)","Green Day",12,45,acoustic,spotify:track:6ORqU0bHbVCRjXm9AjyHyZ
1,,Mashew,mmariani13,4,"Killing Me Softly With His Song","Fugees, Ms. Lauryn Hill",79,32,,spotify:track:0Q0IVlqMV64kNLlwjPj0Hl
1,,Mashew,mmariani13,1,Faufile,"Charlotte Cardin",80,40,,spotify:track:3pgnyg25pkcNlcKuaKnh6b
1,,"Sasha Mariana",Kristin,3,"Bohemian Rhapsody - Remastered 2011",Queen,8,38,"classic rock",spotify:track:7tFiyTwD0nx5a1eklYtX2J
1,,"Sasha Mariana",Kristin,3,"Baby Got Back","Sir Mix-A-Lot",35,39,Hip-Hop,spotify:track:1SAkL1mYNJlaqnBQxVZrRl
1,,"Sasha Mariana",Kristin,2,"Smells Like Teen Spirit",Nirvana,1,68,Grunge,spotify:track:5ghIJDpPoe3CfHMGu71E6T
1,,"Sasha Mariana",Kristin,1,"Drunk in Love (feat. JAY-Z)","Beyoncé, JAŸ-Z",88,60,,spotify:track:6jG2YzhxptolDzLHTGLt7S
1,,"Sasha Mariana",Kristin,3,Iris,"The Goo Goo Dolls",18,42,,spotify:track:6Qyc6fS4DsZjB2mRW9DsQs
1,,"Sasha Mariana",Kristin,1,"Gangnam Style (강남스타일)",PSY,66,92,,spotify:track:03UrZgTINDqvnUMbbIMhql
1,,"Sasha Mariana",Mashew,4,"I Believe in a Thing Called Love","The Darkness",24,90,rock,spotify:track:756CJtQRFSxEx9jV4P9hpA
1,,"Sasha Mariana",Mashew,3,"Purple Haze","Jimi Hendrix",16,60,"classic rock",spotify:track:0wJoRiX5K5BxlqZTolB2LD
1,,"Sasha Mariana",Mashew,3,"Come Down","Anderson .Paak",34,72,,spotify:track:276zciJ7Fg7Jk6Ta6QuLkp
1,,"Sasha Mariana",Mashew,3,"Guerrilla Radio","Rage Against The Machine",21,41,rock,spotify:track:1wsRitfRRtWyEapl0q22o8
1,,"Sasha Mariana",Mashew,3,Abissama,"Incredible Polo",81,50,,spotify:track:2mNmKVBJ1U1nuPFJ5VGjCl
1,,"Sasha Mariana",Mashew,1,"Brain Stew","Green Day",12,37,"punk rock",spotify:track:1nLnpLXvl68RZCSjfkyiaa
1,,"Sasha Mariana",gregamariani,2,"Party In The U.S.A.","Miley Cyrus",8,57,pop,spotify:track:5Q0Nhxo0l2bP3pNjpGJwV1
1,,"Sasha Mariana",gregamariani,2,Magic,Pilot,53,27,,spotify:track:500h8jAdr7LvzzXlm1qxtK
1,,"Sasha Mariana",gregamariani,3,"Calming Water Soundscapes","The Slumbering One",87,1,,spotify:track:1oT7twcAoXD7cC7e9yhCQs
1,,"Sasha Mariana",gregamariani,1,"Ven Conmigo (Solamente Tú)","Christina Aguilera",69,39,,spotify:track:2PYJnUWEPPP8C6b79UiwIl
1,,"Sasha Mariana",jellydru,2,"Thnks fr th Mmrs","Fall Out Boy",6,61,rock,spotify:track:3Zwu2K0Qa5sT6teCCHPShP
1,,"Sasha Mariana",jellydru,4,"All Star","Smash Mouth",14,63,rock,spotify:track:3cfOd4CMv2snFaKAnMdnvK
1,,"Sasha Mariana",jellydru,2,BIRDBRAIN,"Jamie Paige, OK Glass",85,65,,spotify:track:2DAZakhs7RRCoM6pvLpUEz
1,,"Sasha Mariana",jellydru,4,"Flight of the Crows",Jhariah,50,61,,spotify:track:2SgpLPEfLGWDMkCT9nFAO6
1,,"Sasha Mariana",jellydru,3,Femininomenon,"Chappell Roan",5,75,pop,spotify:track:11A0lCLTCw1pLyuPqYMoxX
1,,"Sasha Mariana",jellydru,1,"Немое кино",Grad!ent,81,87,,spotify:track:1lBOIouZlyCvGPTtDF5p5d
1,,"Sasha Mariana",jellydru,4,Cannibal,"Tally Hall",43,73,,spotify:track:3rM10JnYLTVRFBqzMe9Q6Q
1,,"Sasha Mariana",lorimariani,4,"Just a Friend","Biz Markie",45,28,,spotify:track:3yNVfRQlUPViUh8O2V9SQn
1,,"Sasha Mariana",lorimariani,4,"The Reason",Hoobastank,8,86,rock,spotify:track:58AwxWLaRHn2lTqqH9dLkU
1,,"Sasha Mariana",lorimariani,4,"Dirty Little Secret","The All-American Rejects",10,86,rock,spotify:track:5lDriBxJd22IhOH9zTcFrV
1,,"Sasha Mariana",lorimariani,2,"Losing My Religion",R.E.M.,4,12,rock,spotify:track:31AOj9sFz2gM0O3hMARRBx
1,,"Sasha Mariana",lorimariani,3,"Dancing In the Dark","Bruce Springsteen",15,40,rock,spotify:track:7FwBtcecmlpc1sLySPXeGE
1,,"Sasha Mariana",lorimariani,4,"99 Luftballons",Nena,22,21,80s,spotify:track:2IJftBfq7pJ43tfnOR0RB3
1,,"Sasha Mariana",lorimariani,3,"The Low Spark Of High-Heeled Boys",Traffic,73,,,spotify:track:1yW6y8RufwB4WEAQeip0tx
1,,"Sasha Mariana",margs,6,"Low (feat. T-Pain)","Flo Rida, T-Pain",20,53,Hip-Hop,spotify:track:0CAfXk7DXMnon4gLudAp7J
1,,"Sasha Mariana",margs,2,"My Heart Will Go On - Love Theme from ""Titanic""","Céline Dion",42,35,,spotify:track:33LC84JgLvK2KuW43MfaNq
1,,"Sasha Mariana",margs,5,"Sugar, We're Goin Down","Fall Out Boy",8,79,"pop punk",spotify:track:2TfSHkHiFO4gRztVIkggkE
1,,"Sasha Mariana",margs,2,"Blank Space","Taylor Swift",2,53,pop,spotify:track:1u8c2t2Cy7UBoG4ArRcF5g
1,,"Sasha Mariana",margs,1,"Dos Oruguitas","Sebastian Yatra",49,9,,spotify:track:5rohUzwEoRsUvAA1Bf3DLo
1,,"Sasha Mariana",margs,1,"Love On Top","Beyoncé",16,59,soul,spotify:track:1z6WtY7X4HQJvzxC4UgkSf
1,,"Sasha Mariana",missmara,1,Starboy,"The Weeknd, Daft Punk",65,99,,spotify:track:7MXVkk9YMctZqd1Srtv4MB
1,,"Sasha Mariana",missmara,2,"Where Is My Mind?",Pixies,7,28,alternative,spotify:track:0KzAbK6nItSqNh8q70tb0K
1,,"Sasha Mariana",missmara,4,"Somebody That I Used To Know","Gotye, Kimbra",3,16,indie,spotify:track:4wCmqSrbyCgxEXROQE6vtV
1,,"Sasha Mariana",missmara,3,"Teenage Dirtbag",Wheatus,9,16,rock,spotify:track:25FTMokYEbEWHEdss5JLZS
1,,"Sasha Mariana",missmara,4,"Tiny Dancer","Elton John",17,49,"classic rock",spotify:track:2TVxnKdb3tqe1nhQWwwZCO
1,,"Sasha Mariana",missmara,4,"Ca Plane Pour Moi","Plastic Bertrand",65,27,,spotify:track:4sf4Lq52b2iCoAgpge7a9g
1,,"Sasha Mariana",missmara,4,"Bad Blood (feat. Kendrick Lamar) (Taylor's Version)","Taylor Swift, Kendrick Lamar",76,65,,spotify:track:6qAcApH8obo8eqatCKUHd9
1,,"Sasha Mariana",mmariani13,2,"You Never Can Tell","Chuck Berry",34,42,,spotify:track:7p6ZGUXjUe0ctAu5RNnghu
1,,"Sasha Mariana",mmariani13,3,"I Write Sins Not Tragedies","Panic! At The Disco",4,74,rock,spotify:track:4bPQs0PHn4xbipzdPfn6du
1,,"Sasha Mariana",mmariani13,1,"Good Riddance (Time of Your Life)","Green Day",12,45,acoustic,spotify:track:6ORqU0bHbVCRjXm9AjyHyZ
1,,"Sasha Mariana",mmariani13,6,"Killing Me Softly With His Song","Fugees, Ms. Lauryn Hill",79,32,,spotify:track:0Q0IVlqMV64kNLlwjPj0Hl
1,,"Sasha Mariana",mmariani13,2,"Born to Run","Bruce Springsteen",22,43,rock,spotify:track:6hTcuIQa0sxrrByu9wTD7s
1,,gregamariani,Kristin,5,"The Fox (What Does the Fox Say?)",Ylvis,49,82,,spotify:track:5HOpkTTVcmZHnthgyxrIL8
1,,gregamariani,Kristin,3,"Bohemian Rhapsody - Remastered 2011",Queen,8,38,"classic rock",spotify:track:7tFiyTwD0nx5a1eklYtX2J
1,,gregamariani,Kristin,2,"Baby Got Back","Sir Mix-A-Lot",35,39,Hip-Hop,spotify:track:1SAkL1mYNJlaqnBQxVZrRl
1,,gregamariani,Kristin,4,"Welcome to the Black Parade","My Chemical Romance",3,61,rock,spotify:track:5wQnmLuC1W7ATsArWACrgW
1,,gregamariani,Kristin,6,"Gangnam Style (강남스타일)",PSY,66,92,,spotify:track:03UrZgTINDqvnUMbbIMhql
1,,gregamariani,Mashew,3,"I Believe in a Thing Called Love","The Darkness",24,90,rock,spotify:track:756CJtQRFSxEx9jV4P9hpA
1,,gregamariani,Mashew,3,"Come Down","Anderson .Paak",34,72,,spotify:track:276zciJ7Fg7Jk6Ta6QuLkp
1,,gregamariani,Mashew,5,"Guerrilla Radio","Rage Against The Machine",21,41,rock,spotify:track:1wsRitfRRtWyEapl0q22o8
1,,gregamariani,"Sasha Mariana",5,"Moves Like Jagger - Studio Recording From ""The Voice"" Performance","Maroon 5, Christina Aguilera",95,86,,spotify:track:7LcfRTgAVTs5pQGEQgUEzN
1,,gregamariani,"Sasha Mariana",3,"Blurred Lines","Robin Thicke, T.I., Pharrell Williams",83,32,,spotify:track:0n4bITAu0Y0nigrz3MFJMb
1,,gregamariani,"Sasha Mariana",1,"In Too Deep","Sum 41",13,75,"punk rock",spotify:track:1HNE2PX70ztbEl6MLxrpNL
1,,gregamariani,"Sasha Mariana",2,"A Bar Song (Tipsy)",Shaboozey,24,76,country,spotify:track:2FQrifJ1N335Ljm3TjTVVf
1,,gregamariani,jellydru,3,"All Star","Smash Mouth",14,63,rock,spotify:track:3cfOd4CMv2snFaKAnMdnvK
1,,gregamariani,jellydru,2,"Flight of the Crows",Jhariah,50,61,,spotify:track:2SgpLPEfLGWDMkCT9nFAO6
1,,gregamariani,lorimariani,1,"Dirty Little Secret","The All-American Rejects",10,86,rock,spotify:track:5lDriBxJd22IhOH9zTcFrV
1,,gregamariani,lorimariani,1,"Dancing In the Dark","Bruce Springsteen",15,40,rock,spotify:track:7FwBtcecmlpc1sLySPXeGE
1,,gregamariani,lorimariani,3,"99 Luftballons",Nena,22,21,80s,spotify:track:2IJftBfq7pJ43tfnOR0RB3
1,,gregamariani,margs,5,"Low (feat. T-Pain)","Flo Rida, T-Pain",20,53,Hip-Hop,spotify:track:0CAfXk7DXMnon4gLudAp7J
1,,gregamariani,margs,3,"My Heart Will Go On - Love Theme from ""Titanic""","Céline Dion",42,35,,spotify:track:33LC84JgLvK2KuW43MfaNq
1,,gregamariani,margs,5,"Call Me Maybe","Carly Rae Jepsen",5,33,pop,spotify:track:3TGRqZ0a2l1LRblBkJoaDx
1,,gregamariani,margs,2,"Sugar, We're Goin Down","Fall Out Boy",8,79,"pop punk",spotify:track:2TfSHkHiFO4gRztVIkggkE
1,,gregamariani,margs,3,"Baby Got Back","Sir Mix-A-Lot",35,39,Hip-Hop,spotify:track:1SAkL1mYNJlaqnBQxVZrRl
1,,gregamariani,margs,3,"Graduation (Friends Forever)","Vitamin C",65,31,,spotify:track:45V4Mk7vZV2b9JfSWuUX9m
1,,gregamariani,margs,6,"Dos Oruguitas","Sebastian Yatra",49,9,,spotify:track:5rohUzwEoRsUvAA1Bf3DLo
1,,gregamariani,missmara,2,"Somebody That I Used To Know","Gotye, Kimbra",3,16,indie,spotify:track:4wCmqSrbyCgxEXROQE6vtV
1,,gregamariani,missmara,3,"Teenage Dirtbag",Wheatus,9,16,rock,spotify:track:25FTMokYEbEWHEdss5JLZS
1,,gregamariani,missmara,2,"Space Oddity - 1999 Remaster","David Bowie",27,32,,spotify:track:22yy03IdKXGRUFMQX8EfBv
1,,gregamariani,missmara,2,"Taper Jean Girl","Kings of Leon",40,73,,spotify:track:6kUktzISXJLuUurOFhc2Ms
1,,gregamariani,mmariani13,6,"You Never Can Tell","Chuck Berry",34,42,,spotify:track:7p6ZGUXjUe0ctAu5RNnghu
1,,gregamariani,mmariani13,4,"I Write Sins Not Tragedies","Panic! At The Disco",4,74,rock,spotify:track:4bPQs0PHn4xbipzdPfn6du
1,,gregamariani,mmariani13,2,"Good Riddance (Time of Your Life)","Green Day",12,45,acoustic,spotify:track:6ORqU0bHbVCRjXm9AjyHyZ
1,,gregamariani,mmariani13,5,"Killing Me Softly With His Song","Fugees, Ms. Lauryn Hill",79,32,,spotify:track:0Q0IVlqMV64kNLlwjPj0Hl
1,,jellydru,Kristin,5,"Bohemian Rhapsody - Remastered 2011",Queen,8,38,"classic rock",spotify:track:7tFiyTwD0nx5a1eklYtX2J
1,,jellydru,Kristin,2,"Baby Got Back","Sir Mix-A-Lot",35,39,Hip-Hop,spotify:track:1SAkL1mYNJlaqnBQxVZrRl
1,,jellydru,Kristin,3,"Drunk in Love (feat. JAY-Z)","Beyoncé, JAŸ-Z",88,60,,spotify:track:6jG2YzhxptolDzLHTGLt7S
1,,jellydru,Kristin,3,Iris,"The Goo Goo Dolls",18,42,,spotify:track:6Qyc6fS4DsZjB2mRW9DsQs
1,,jellydru,Kristin,1,"Gangnam Style (강남스타일)",PSY,66,92,,spotify:track:03UrZgTINDqvnUMbbIMhql
1,,jellydru,Mashew,1,Hideaway,Kiesza,35,31,,spotify:track:0c6xIDDpzE81m2q797ordA
1,,jellydru,Mashew,1,"I Believe in a Thing Called Love","The Darkness",24,90,rock,spotify:track:756CJtQRFSxEx9jV4P9hpA
1,,jellydru,Mashew,1,"Come Down","Anderson .Paak",34,72,,spotify:track:276zciJ7Fg7Jk6Ta6QuLkp
1,,jellydru,Mashew,1,"Guerrilla Radio","Rage Against The Machine",21,41,rock,spotify:track:1wsRitfRRtWyEapl0q22o8
1,,jellydru,Mashew,6,"Brain Stew","Green Day",12,37,"punk rock",spotify:track:1nLnpLXvl68RZCSjfkyiaa
1,,jellydru,"Sasha Mariana",1,"Moves Like Jagger - Studio Recording From ""The Voice"" Performance","Maroon 5, Christina Aguilera",95,86,,spotify:track:7LcfRTgAVTs5pQGEQgUEzN
1,,jellydru,"Sasha Mariana",5,"Hooked On A Feeling","Blue Swede, Björn Skifs",82,50,,spotify:track:6Ac4NVYYl2U73QiTt11ZKd
1,,jellydru,"Sasha Mariana",5,vampire,"Olivia Rodrigo",1,55,"pop rock",spotify:track:1kuGVB7EU95pJObxwvfwKS
1,,jellydru,"Sasha Mariana",4,Santeria,Sublime,7,76,ska,spotify:track:2hnMS47jN0etwvFPzYk11f
1,,jellydru,gregamariani,1,"Party In The U.S.A.","Miley Cyrus",8,57,pop,spotify:track:5Q0Nhxo0l2bP3pNjpGJwV1
1,,jellydru,gregamariani,1,Magic,Pilot,53,27,,spotify:track:500h8jAdr7LvzzXlm1qxtK
1,,jellydru,gregamariani,1,"That Thing You Do!","The Wonders",62,72,,spotify:track:4O6ZaZrRCFfiZZKjnrXqlk
1,,jellydru,gregamariani,1,"Calming Water Soundscapes","The Slumbering One",87,1,,spotify:track:1oT7twcAoXD7cC7e9yhCQs
1,,jellydru,gregamariani,2,"Ven Conmigo (Solamente Tú)","Christina Aguilera",69,39,,spotify:track:2PYJnUWEPPP8C6b79UiwIl
1,,jellydru,lorimariani,1,"Just a Friend","Biz Markie",45,28,,spotify:track:3yNVfRQlUPViUh8O2V9SQn
1,,jellydru,lorimariani,2,"Don't You (Forget About Me)","Simple Minds",20,37,80s,spotify:track:6yEAAIEHu4GcUFptg5W9kI
1,,jellydru,lorimariani,1,"The Reason",Hoobastank,8,86,rock,spotify:track:58AwxWLaRHn2lTqqH9dLkU
1,,jellydru,lorimariani,2,"Dancing In the Dark","Bruce Springsteen",15,40,rock,spotify:track:7FwBtcecmlpc1sLySPXeGE
1,,jellydru,lorimariani,3,"Sultans of Swing","Dire Straits",5,46,"classic rock",spotify:track:6cr6UDpkjEaMQ80OjWqEBQ
1,,jellydru,lorimariani,6,"99 Luftballons",Nena,22,21,80s,spotify:track:2IJftBfq7pJ43tfnOR0RB3
1,,jellydru,lorimariani,1,"The Low Spark Of High-Heeled Boys",Traffic,73,,,spotify:track:1yW6y8RufwB4WEAQeip0tx
1,,jellydru,margs,4,"Low (feat. T-Pain)","Flo Rida, T-Pain",20,53,Hip-Hop,spotify:track:0CAfXk7DXMnon4gLudAp7J
1,,jellydru,margs,1,"My Heart Will Go On - Love Theme from ""Titanic""","Céline Dion",42,35,,spotify:track:33LC84JgLvK2KuW43MfaNq
1,,jellydru,margs,4,"Call Me Maybe","Carly Rae Jepsen",5,33,pop,spotify:track:3TGRqZ0a2l1LRblBkJoaDx
1,,jellydru,margs,1,"Baby Got Back","Sir Mix-A-Lot",35,39,Hip-Hop,spotify:track:1SAkL1mYNJlaqnBQxVZrRl
1,,jellydru,margs,6,"Dos Oruguitas","Sebastian Yatra",49,9,,spotify:track:5rohUzwEoRsUvAA1Bf3DLo
1,,jellydru,margs,2,"Love On Top","Beyoncé",16,59,soul,spotify:track:1z6WtY7X4HQJvzxC4UgkSf
1,,jellydru,missmara,6,Starboy,"The Weeknd, Daft Punk",65,99,,spotify:track:7MXVkk9YMctZqd1Srtv4MB
1,,jellydru,missmara,4,"Somebody That I Used To Know","Gotye, Kimbra",3,16,indie,spotify:track:4wCmqSrbyCgxEXROQE6vtV
1,,jellydru,missmara,4,"Space Oddity - 1999 Remaster","David Bowie",27,32,,spotify:track:22yy03IdKXGRUFMQX8EfBv
1,,jellydru,mmariani13,1,"Blah Blah Blah (feat. 3OH!3)","Kesha, 3OH!3",83,60,,spotify:track:7lWUJpax919G4JdaFEVmCy
1,,jellydru,mmariani13,1,"You Never Can Tell","Chuck Berry",34,42,,spotify:track:7p6ZGUXjUe0ctAu5RNnghu
1,,jellydru,mmariani13,2,"Brimful of Asha",Cornershop,55,13,,spotify:track:1t6tQ0ETeOIDl5cscjEC55
1,,jellydru,mmariani13,3,"Good Riddance (Time of Your Life)","Green Day",12,45,acoustic,spotify:track:6ORqU0bHbVCRjXm9AjyHyZ
1,,jellydru,mmariani13,3,"Killing Me Softly With His Song","Fugees, Ms. Lauryn Hill",79,32,,spotify:track:0Q0IVlqMV64kNLlwjPj0Hl
1,,jellydru,mmariani13,2,"Born to Run","Bruce Springsteen",22,43,rock,spotify:track:6hTcuIQa0sxrrByu9wTD7s
1,,lorimariani,Kristin,2,"The Fox (What Does the Fox Say?)",Ylvis,49,82,,spotify:track:5HOpkTTVcmZHnthgyxrIL8
1,,lorimariani,Kristin,2,"Bohemian Rhapsody - Remastered 2011",Queen,8,38,"classic rock",spotify:track:7tFiyTwD0nx5a1eklYtX2J
1,,lorimariani,Kristin,1,"Baby Got Back","Sir Mix-A-Lot",35,39,Hip-Hop,spotify:track:1SAkL1mYNJlaqnBQxVZrRl
1,,lorimariani,Kristin,1,"Smells Like Teen Spirit",Nirvana,1,68,Grunge,spotify:track:5ghIJDpPoe3CfHMGu71E6T
1,,lorimariani,Kristin,1,"Drunk in Love (feat. JAY-Z)","Beyoncé, JAŸ-Z",88,60,,spotify:track:6jG2YzhxptolDzLHTGLt7S
1,,lorimariani,Kristin,1,Iris,"The Goo Goo Dolls",18,42,,spotify:track:6Qyc6fS4DsZjB2mRW9DsQs
1,,lorimariani,Kristin,1,"Gangnam Style (강남스타일)",PSY,66,92,,spotify:track:03UrZgTINDqvnUMbbIMhql
1,,lorimariani,Mashew,2,Hideaway,Kiesza,35,31,,spotify:track:0c6xIDDpzE81m2q797ordA
1,,lorimariani,Mashew,2,"I Believe in a Thing Called Love","The Darkness",24,90,rock,spotify:track:756CJtQRFSxEx9jV4P9hpA
1,,lorimariani,Mashew,1,"The Suffering","Coheed and Cambria",43,13,,spotify:track:4dcUque6026WExzwJYWG7H
1,,lorimariani,Mashew,1,"Purple Haze","Jimi Hendrix",16,60,"classic rock",spotify:track:0wJoRiX5K5BxlqZTolB2LD
1,,lorimariani,Mashew,5,"Come Down","Anderson .Paak",34,72,,spotify:track:276zciJ7Fg7Jk6Ta6QuLkp
1,,lorimariani,Mashew,1,Abissama,"Incredible Polo",81,50,,spotify:track:2mNmKVBJ1U1nuPFJ5VGjCl
1,,lorimariani,Mashew,2,"Brain Stew","Green Day",12,37,"punk rock",spotify:track:1nLnpLXvl68RZCSjfkyiaa
1,,lorimariani,"Sasha Mariana",1,"Moves Like Jagger - Studio Recording From ""The Voice"" Performance","Maroon 5, Christina Aguilera",95,86,,spotify:track:7LcfRTgAVTs5pQGEQgUEzN
1,,lorimariani,"Sasha Mariana",1,"Hooked On A Feeling","Blue Swede, Björn Skifs",82,50,,spotify:track:6Ac4NVYYl2U73QiTt11ZKd
1,,lorimariani,"Sasha Mariana",1,"Blurred Lines","Robin Thicke, T.I., Pharrell Williams",83,32,,spotify:track:0n4bITAu0Y0nigrz3MFJMb
1,,lorimariani,"Sasha Mariana",1,"In Too Deep","Sum 41",13,75,"punk rock",spotify:track:1HNE2PX70ztbEl6MLxrpNL
1,,lorimariani,"Sasha Mariana",1,"Big Ship","Freddie McGregor",72,60,,spotify:track:6HpjJaxJki9ubKp4aXow8b
1,,lorimariani,"Sasha Mariana",6,vampire,"Olivia Rodrigo",1,55,"pop rock",spotify:track:1kuGVB7EU95pJObxwvfwKS
1,,lorimariani,gregamariani,3,"Party In The U.S.A.","Miley Cyrus",8,57,pop,spotify:track:5Q0Nhxo0l2bP3pNjpGJwV1
1,,lorimariani,gregamariani,4,Magic,Pilot,53,27,,spotify:track:500h8jAdr7LvzzXlm1qxtK
1,,lorimariani,gregamariani,1,"That Thing You Do!","The Wonders",62,72,,spotify:track:4O6ZaZrRCFfiZZKjnrXqlk
1,,lorimariani,gregamariani,5,"Hands Down","Dashboard Confessional",29,42,,spotify:track:3Gd6RkNpDERm3rVm9xk2BZ
1,,lorimariani,gregamariani,7,"Calming Water Soundscapes","The Slumbering One",87,1,,spotify:track:1oT7twcAoXD7cC7e9yhCQs
1,,lorimariani,gregamariani,4,"Graduation March","Holiday Celebration Troupe",90,25,,spotify:track:1uaFfBstndFSw4vntlb1k7
1,,lorimariani,gregamariani,6,"Ven Conmigo (Solamente Tú)","Christina Aguilera",69,39,,spotify:track:2PYJnUWEPPP8C6b79UiwIl
1,,lorimariani,jellydru,1,"Thnks fr th Mmrs","Fall Out Boy",6,61,rock,spotify:track:3Zwu2K0Qa5sT6teCCHPShP
1,,lorimariani,jellydru,4,"All Star","Smash Mouth",14,63,rock,spotify:track:3cfOd4CMv2snFaKAnMdnvK
1,,lorimariani,jellydru,1,BIRDBRAIN,"Jamie Paige, OK Glass",85,65,,spotify:track:2DAZakhs7RRCoM6pvLpUEz
1,,lorimariani,jellydru,1,"Flight of the Crows",Jhariah,50,61,,spotify:track:2SgpLPEfLGWDMkCT9nFAO6
1,,lorimariani,jellydru,4,Femininomenon,"Chappell Roan",5,75,pop,spotify:track:11A0lCLTCw1pLyuPqYMoxX
1,,lorimariani,margs,2,"Low (feat. T-Pain)","Flo Rida, T-Pain",20,53,Hip-Hop,spotify:track:0CAfXk7DXMnon4gLudAp7J
1,,lorimariani,margs,2,"My Heart Will Go On - Love Theme from ""Titanic""","Céline Dion",42,35,,spotify:track:33LC84JgLvK2KuW43MfaNq
1,,lorimariani,margs,1,"Call Me Maybe","Carly Rae Jepsen",5,33,pop,spotify:track:3TGRqZ0a2l1LRblBkJoaDx
1,,lorimariani,margs,7,"Sugar, We're Goin Down","Fall Out Boy",8,79,"pop punk",spotify:track:2TfSHkHiFO4gRztVIkggkE
1,,lorimariani,margs,7,"Blank Space","Taylor Swift",2,53,pop,spotify:track:1u8c2t2Cy7UBoG4ArRcF5g
1,,lorimariani,margs,1,"Baby Got Back","Sir Mix-A-Lot",35,39,Hip-Hop,spotify:track:1SAkL1mYNJlaqnBQxVZrRl
1,,lorimariani,margs,7,"Dos Oruguitas","Sebastian Yatra",49,9,,spotify:track:5rohUzwEoRsUvAA1Bf3DLo
1,,lorimariani,margs,5,"Love On Top","Beyoncé",16,59,soul,spotify:track:1z6WtY7X4HQJvzxC4UgkSf
1,,lorimariani,missmara,3,Starboy,"The Weeknd, Daft Punk",65,99,,spotify:track:7MXVkk9YMctZqd1Srtv4MB
1,,lorimariani,missmara,7,"Somebody That I Used To Know","Gotye, Kimbra",3,16,indie,spotify:track:4wCmqSrbyCgxEXROQE6vtV
1,,lorimariani,missmara,1,"Teenage Dirtbag",Wheatus,9,16,rock,spotify:track:25FTMokYEbEWHEdss5JLZS
1,,lorimariani,missmara,3,"Tiny Dancer","Elton John",17,49,"classic rock",spotify:track:2TVxnKdb3tqe1nhQWwwZCO
1,,lorimariani,missmara,0,"Space Oddity - 1999 Remaster","David Bowie",27,32,,spotify:track:22yy03IdKXGRUFMQX8EfBv
1,,lorimariani,missmara,5,"Bad Blood (feat. Kendrick Lamar) (Taylor's Version)","Taylor Swift, Kendrick Lamar",76,65,,spotify:track:6qAcApH8obo8eqatCKUHd9
1,,lorimariani,mmariani13,1,"Blah Blah Blah (feat. 3OH!3)","Kesha, 3OH!3",83,60,,spotify:track:7lWUJpax919G4JdaFEVmCy
1,,lorimariani,mmariani13,2,"You Never Can Tell","Chuck Berry",34,42,,spotify:track:7p6ZGUXjUe0ctAu5RNnghu
1,,lorimariani,mmariani13,2,"Brimful of Asha",Cornershop,55,13,,spotify:track:1t6tQ0ETeOIDl5cscjEC55
1,,lorimariani,mmariani13,1,"It's Gonna Be Me",*NSYNC,34,34,pop,spotify:track:2AW37v0bDyuOzGP3XnmFuA
1,,lorimariani,mmariani13,0,"Good Riddance (Time of Your Life)","Green Day",12,45,acoustic,spotify:track:6ORqU0bHbVCRjXm9AjyHyZ
1,,lorimariani,mmariani13,3,"Born to Run","Bruce Springsteen",22,43,rock,spotify:track:6hTcuIQa0sxrrByu9wTD7s
1,,margs,Kristin,4,"The Fox (What Does the Fox Say?)",Ylvis,49,82,,spotify:track:5HOpkTTVcmZHnthgyxrIL8
1,,margs,Kristin,1,"Bohemian Rhapsody - Remastered 2011",Queen,8,38,"classic rock",spotify:track:7tFiyTwD0nx5a1eklYtX2J
1,,margs,Kristin,3,"Baby Got Back","Sir Mix-A-Lot",35,39,Hip-Hop,spotify:track:1SAkL1mYNJlaqnBQxVZrRl
1,,margs,Kristin,1,"Welcome to the Black Parade","My Chemical Romance",3,61,rock,spotify:track:5wQnmLuC1W7ATsArWACrgW
1,,margs,Kristin,4,"Smells Like Teen Spirit",Nirvana,1,68,Grunge,spotify:track:5ghIJDpPoe3CfHMGu71E6T
1,,margs,Kristin,1,"Drunk in Love (feat. JAY-Z)","Beyoncé, JAŸ-Z",88,60,,spotify:track:6jG2YzhxptolDzLHTGLt7S
1,,margs,Kristin,1,Iris,"The Goo Goo Dolls",18,42,,spotify:track:6Qyc6fS4DsZjB2mRW9DsQs
1,,margs,Kristin,2,"Gangnam Style (강남스타일)",PSY,66,92,,spotify:track:03UrZgTINDqvnUMbbIMhql
1,,margs,Mashew,3,"I Believe in a Thing Called Love","The Darkness",24,90,rock,spotify:track:756CJtQRFSxEx9jV4P9hpA
1,,margs,Mashew,2,"Purple Haze","Jimi Hendrix",16,60,"classic rock",spotify:track:0wJoRiX5K5BxlqZTolB2LD
1,,margs,Mashew,2,"Come Down","Anderson .Paak",34,72,,spotify:track:276zciJ7Fg7Jk6Ta6QuLkp
1,,margs,Mashew,1,"Guerrilla Radio","Rage Against The Machine",21,41,rock,spotify:track:1wsRitfRRtWyEapl0q22o8
1,,margs,Mashew,4,"Brain Stew","Green Day",12,37,"punk rock",spotify:track:1nLnpLXvl68RZCSjfkyiaa
1,,margs,"Sasha Mariana",2,"Moves Like Jagger - Studio Recording From ""The Voice"" Performance","Maroon 5, Christina Aguilera",95,86,,spotify:track:7LcfRTgAVTs5pQGEQgUEzN
1,,margs,"Sasha Mariana",4,"Hooked On A Feeling","Blue Swede, Björn Skifs",82,50,,spotify:track:6Ac4NVYYl2U73QiTt11ZKd
1,,margs,"Sasha Mariana",3,"Blurred Lines","Robin Thicke, T.I., Pharrell Williams",83,32,,spotify:track:0n4bITAu0Y0nigrz3MFJMb
1,,margs,"Sasha Mariana",1,"In Too Deep","Sum 41",13,75,"punk rock",spotify:track:1HNE2PX70ztbEl6MLxrpNL
1,,margs,"Sasha Mariana",4,"A Bar Song (Tipsy)",Shaboozey,24,76,country,spotify:track:2FQrifJ1N335Ljm3TjTVVf
1,,margs,"Sasha Mariana",1,vampire,"Olivia Rodrigo",1,55,"pop rock",spotify:track:1kuGVB7EU95pJObxwvfwKS
1,,margs,"Sasha Mariana",4,"La Vie en rose","Édith Piaf",42,30,,spotify:track:3lAun9V0YdTlCSIEXPvfsY
1,,margs,"Sasha Mariana",2,Santeria,Sublime,7,76,ska,spotify:track:2hnMS47jN0etwvFPzYk11f
1,,margs,gregamariani,7,"Party In The U.S.A.","Miley Cyrus",8,57,pop,spotify:track:5Q0Nhxo0l2bP3pNjpGJwV1
1,,margs,gregamariani,1,Magic,Pilot,53,27,,spotify:track:500h8jAdr7LvzzXlm1qxtK
1,,margs,gregamariani,3,"That Thing You Do!","The Wonders",62,72,,spotify:track:4O6ZaZrRCFfiZZKjnrXqlk
1,,margs,gregamariani,5,"Hands Down","Dashboard Confessional",29,42,,spotify:track:3Gd6RkNpDERm3rVm9xk2BZ
1,,margs,gregamariani,2,"Calming Water Soundscapes","The Slumbering One",87,1,,spotify:track:1oT7twcAoXD7cC7e9yhCQs
1,,margs,gregamariani,5,"Graduation March","Holiday Celebration Troupe",90,25,,spotify:track:1uaFfBstndFSw4vntlb1k7
1,,margs,gregamariani,5,"Ven Conmigo (Solamente Tú)","Christina Aguilera",69,39,,spotify:track:2PYJnUWEPPP8C6b79UiwIl
1,,margs,jellydru,1,"Thnks fr th Mmrs","Fall Out Boy",6,61,rock,spotify:track:3Zwu2K0Qa5sT6teCCHPShP
1,,margs,jellydru,4,"All Star","Smash Mouth",14,63,rock,spotify:track:3cfOd4CMv2snFaKAnMdnvK
1,,margs,jellydru,3,BIRDBRAIN,"Jamie Paige, OK Glass",85,65,,spotify:track:2DAZakhs7RRCoM6pvLpUEz
1,,margs,jellydru,1,"Flight of the Crows",Jhariah,50,61,,spotify:track:2SgpLPEfLGWDMkCT9nFAO6
1,,margs,jellydru,1,Femininomenon,"Chappell Roan",5,75,pop,spotify:track:11A0lCLTCw1pLyuPqYMoxX
1,,margs,lorimariani,4,"Don't You (Forget About Me)","Simple Minds",20,37,80s,spotify:track:6yEAAIEHu4GcUFptg5W9kI
1,,margs,lorimariani,2,"Dirty Little Secret","The All-American Rejects",10,86,rock,spotify:track:5lDriBxJd22IhOH9zTcFrV
1,,margs,lorimariani,1,"Losing My Religion",R.E.M.,4,12,rock,spotify:track:31AOj9sFz2gM0O3hMARRBx
1,,margs,lorimariani,3,"Dancing In the Dark","Bruce Springsteen",15,40,rock,spotify:track:7FwBtcecmlpc1sLySPXeGE
1,,margs,lorimariani,4,"Sultans of Swing","Dire Straits",5,46,"classic rock",spotify:track:6cr6UDpkjEaMQ80OjWqEBQ
1,,margs,lorimariani,3,"99 Luftballons",Nena,22,21,80s,spotify:track:2IJftBfq7pJ43tfnOR0RB3
1,,margs,lorimariani,2,"The Low Spark Of High-Heeled Boys",Traffic,73,,,spotify:track:1yW6y8RufwB4WEAQeip0tx
1,,margs,missmara,1,Starboy,"The Weeknd, Daft Punk",65,99,,spotify:track:7MXVkk9YMctZqd1Srtv4MB
1,,margs,missmara,3,"Somebody That I Used To Know","Gotye, Kimbra",3,16,indie,spotify:track:4wCmqSrbyCgxEXROQE6vtV
1,,margs,missmara,2,"Teenage Dirtbag",Wheatus,9,16,rock,spotify:track:25FTMokYEbEWHEdss5JLZS
1,,margs,missmara,1,"Tiny Dancer","Elton John",17,49,"classic rock",spotify:track:2TVxnKdb3tqe1nhQWwwZCO
1,,margs,missmara,2,"Space Oddity - 1999 Remaster","David Bowie",27,32,,spotify:track:22yy03IdKXGRUFMQX8EfBv
1,,margs,missmara,1,"Ca Plane Pour Moi","Plastic Bertrand",65,27,,spotify:track:4sf4Lq52b2iCoAgpge7a9g
1,,margs,missmara,2,"Bad Blood (feat. Kendrick Lamar) (Taylor's Version)","Taylor Swift, Kendrick Lamar",76,65,,spotify:track:6qAcApH8obo8eqatCKUHd9
1,,margs,mmariani13,1,"You Never Can Tell","Chuck Berry",34,42,,spotify:track:7p6ZGUXjUe0ctAu5RNnghu
1,,margs,mmariani13,4,"I Write Sins Not Tragedies","Panic! At The Disco",4,74,rock,spotify:track:4bPQs0PHn4xbipzdPfn6du
1,,margs,mmariani13,4,"It's Gonna Be Me",*NSYNC,34,34,pop,spotify:track:2AW37v0bDyuOzGP3XnmFuA
1,,margs,mmariani13,2,"Killing Me Softly With His Song","Fugees, Ms. Lauryn Hill",79,32,,spotify:track:0Q0IVlqMV64kNLlwjPj0Hl
1,,margs,mmariani13,5,"Born to Run","Bruce Springsteen",22,43,rock,spotify:track:6hTcuIQa0sxrrByu9wTD7s
1,,missmara,Kristin,5,"The Fox (What Does the Fox Say?)",Ylvis,49,82,,spotify:track:5HOpkTTVcmZHnthgyxrIL8
1,,missmara,Kristin,3,"Bohemian Rhapsody - Remastered 2011",Queen,8,38,"classic rock",spotify:track:7tFiyTwD0nx5a1eklYtX2J
1,,missmara,Kristin,3,"Baby Got Back","Sir Mix-A-Lot",35,39,Hip-Hop,spotify:track:1SAkL1mYNJlaqnBQxVZrRl
1,,missmara,Kristin,4,"Welcome to the Black Parade","My Chemical Romance",3,61,rock,spotify:track:5wQnmLuC1W7ATsArWACrgW
1,,missmara,Kristin,3,"Smells Like Teen Spirit",Nirvana,1,68,Grunge,spotify:track:5ghIJDpPoe3CfHMGu71E6T
1,,missmara,Kristin,1,"Drunk in Love (feat. JAY-Z)","Beyoncé, JAŸ-Z",88,60,,spotify:track:6jG2YzhxptolDzLHTGLt7S
1,,missmara,Kristin,1,Iris,"The Goo Goo Dolls",18,42,,spotify:track:6Qyc6fS4DsZjB2mRW9DsQs
1,,missmara,Mashew,3,Hideaway,Kiesza,35,31,,spotify:track:0c6xIDDpzE81m2q797ordA
1,,missmara,Mashew,5,"Belleville rendez-vous - Version française",-M-,86,36,,spotify:track:19UacICIUpQyCSaqqUbhsU
1,,missmara,Mashew,7,"I Believe in a Thing Called Love","The Darkness",24,90,rock,spotify:track:756CJtQRFSxEx9jV4P9hpA
1,,missmara,Mashew,5,"The Suffering","Coheed and Cambria",43,13,,spotify:track:4dcUque6026WExzwJYWG7H
1,,missmara,Mashew,4,"Purple Haze","Jimi Hendrix",16,60,"classic rock",spotify:track:0wJoRiX5K5BxlqZTolB2LD
1,,missmara,Mashew,7,"Come Down","Anderson .Paak",34,72,,spotify:track:276zciJ7Fg7Jk6Ta6QuLkp
1,,missmara,Mashew,4,"Guerrilla Radio","Rage Against The Machine",21,41,rock,spotify:track:1wsRitfRRtWyEapl0q22o8
1,,missmara,Mashew,5,Abissama,"Incredible Polo",81,50,,spotify:track:2mNmKVBJ1U1nuPFJ5VGjCl
1,,missmara,Mashew,6,"Brain Stew","Green Day",12,37,"punk rock",spotify:track:1nLnpLXvl68RZCSjfkyiaa
1,,missmara,"Sasha Mariana",0,"Moves Like Jagger - Studio Recording From ""The Voice"" Performance","Maroon 5, Christina Aguilera",95,86,,spotify:track:7LcfRTgAVTs5pQGEQgUEzN
1,,missmara,"Sasha Mariana",3,"Hooked On A Feeling","Blue Swede, Björn Skifs",82,50,,spotify:track:6Ac4NVYYl2U73QiTt11ZKd
1,,missmara,"Sasha Mariana",2,"In Too Deep","Sum 41",13,75,"punk rock",spotify:track:1HNE2PX70ztbEl6MLxrpNL
1,,missmara,"Sasha Mariana",0,"Big Ship","Freddie McGregor",72,60,,spotify:track:6HpjJaxJki9ubKp4aXow8b
1,,missmara,"Sasha Mariana",1,"A Bar Song (Tipsy)",Shaboozey,24,76,country,spotify:track:2FQrifJ1N335Ljm3TjTVVf
1,,missmara,"Sasha Mariana",3,vampire,"Olivia Rodrigo",1,55,"pop rock",spotify:track:1kuGVB7EU95pJObxwvfwKS
1,,missmara,"Sasha Mariana",1,"La Vie en rose","Édith Piaf",42,30,,spotify:track:3lAun9V0YdTlCSIEXPvfsY
1,,missmara,"Sasha Mariana",4,Santeria,Sublime,7,76,ska,spotify:track:2hnMS47jN0etwvFPzYk11f
1,,missmara,gregamariani,1,Magic,Pilot,53,27,,spotify:track:500h8jAdr7LvzzXlm1qxtK
1,,missmara,gregamariani,1,"Hands Down","Dashboard Confessional",29,42,,spotify:track:3Gd6RkNpDERm3rVm9xk2BZ
1,,missmara,gregamariani,1,"Calming Water Soundscapes","The Slumbering One",87,1,,spotify:track:1oT7twcAoXD7cC7e9yhCQs
1,,missmara,gregamariani,0,"Graduation March","Holiday Celebration Troupe",90,25,,spotify:track:1uaFfBstndFSw4vntlb1k7
1,,missmara,gregamariani,1,"Ven Conmigo (Solamente Tú)","Christina Aguilera",69,39,,spotify:track:2PYJnUWEPPP8C6b79UiwIl
1,,missmara,jellydru,2,"Thnks fr th Mmrs","Fall Out Boy",6,61,rock,spotify:track:3Zwu2K0Qa5sT6teCCHPShP
1,,missmara,jellydru,1,"All Star","Smash Mouth",14,63,rock,spotify:track:3cfOd4CMv2snFaKAnMdnvK
1,,missmara,jellydru,1,"Lone Digger","Caravan Palace",32,73,"electro swing",spotify:track:0thLhIqWsqqycEqFONOyhu
1,,missmara,jellydru,3,BIRDBRAIN,"Jamie Paige, OK Glass",85,65,,spotify:track:2DAZakhs7RRCoM6pvLpUEz
1,,missmara,jellydru,1,"Flight of the Crows",Jhariah,50,61,,spotify:track:2SgpLPEfLGWDMkCT9nFAO6
1,,missmara,jellydru,1,Femininomenon,"Chappell Roan",5,75,pop,spotify:track:11A0lCLTCw1pLyuPqYMoxX
1,,missmara,jellydru,3,"Немое кино",Grad!ent,81,87,,spotify:track:1lBOIouZlyCvGPTtDF5p5d
1,,missmara,jellydru,2,Cannibal,"Tally Hall",43,73,,spotify:track:3rM10JnYLTVRFBqzMe9Q6Q
1,,missmara,lorimariani,2,"Just a Friend","Biz Markie",45,28,,spotify:track:3yNVfRQlUPViUh8O2V9SQn
1,,missmara,lorimariani,1,"Don't You (Forget About Me)","Simple Minds",20,37,80s,spotify:track:6yEAAIEHu4GcUFptg5W9kI
1,,missmara,lorimariani,0,"The Reason",Hoobastank,8,86,rock,spotify:track:58AwxWLaRHn2lTqqH9dLkU
1,,missmara,lorimariani,4,"Losing My Religion",R.E.M.,4,12,rock,spotify:track:31AOj9sFz2gM0O3hMARRBx
1,,missmara,lorimariani,1,"Dancing In the Dark","Bruce Springsteen",15,40,rock,spotify:track:7FwBtcecmlpc1sLySPXeGE
1,,missmara,lorimariani,3,"Sultans of Swing","Dire Straits",5,46,"classic rock",spotify:track:6cr6UDpkjEaMQ80OjWqEBQ
1,,missmara,lorimariani,2,"99 Luftballons",Nena,22,21,80s,spotify:track:2IJftBfq7pJ43tfnOR0RB3
1,,missmara,lorimariani,1,"The Low Spark Of High-Heeled Boys",Traffic,73,,,spotify:track:1yW6y8RufwB4WEAQeip0tx
1,,missmara,margs,2,"Low (feat. T-Pain)","Flo Rida, T-Pain",20,53,Hip-Hop,spotify:track:0CAfXk7DXMnon4gLudAp7J
1,,missmara,margs,3,"Sugar, We're Goin Down","Fall Out Boy",8,79,"pop punk",spotify:track:2TfSHkHiFO4gRztVIkggkE
1,,missmara,margs,1,"Blank Space","Taylor Swift",2,53,pop,spotify:track:1u8c2t2Cy7UBoG4ArRcF5g
1,,missmara,margs,1,"Baby Got Back","Sir Mix-A-Lot",35,39,Hip-Hop,spotify:track:1SAkL1mYNJlaqnBQxVZrRl
1,,missmara,margs,1,"Dos Oruguitas","Sebastian Yatra",49,9,,spotify:track:5rohUzwEoRsUvAA1Bf3DLo
1,,missmara,margs,1,"Love On Top","Beyoncé",16,59,soul,spotify:track:1z6WtY7X4HQJvzxC4UgkSf
1,,missmara,mmariani13,1,"Blah Blah Blah (feat. 3OH!3)","Kesha, 3OH!3",83,60,,spotify:track:7lWUJpax919G4JdaFEVmCy
1,,missmara,mmariani13,1,"You Never Can Tell","Chuck Berry",34,42,,spotify:track:7p6ZGUXjUe0ctAu5RNnghu
1,,missmara,mmariani13,4,"Brimful of Asha",Cornershop,55,13,,spotify:track:1t6tQ0ETeOIDl5cscjEC55
1,,missmara,mmariani13,2,"Good Riddance (Time of Your Life)","Green Day",12,45,acoustic,spotify:track:6ORqU0bHbVCRjXm9AjyHyZ
1,,missmara,mmariani13,3,"Killing Me Softly With His Song","Fugees, Ms. Lauryn Hill",79,32,,spotify:track:0Q0IVlqMV64kNLlwjPj0Hl
1,,missmara,mmariani13,2,Faufile,"Charlotte Cardin",80,40,,spotify:track:3pgnyg25pkcNlcKuaKnh6b
1,,missmara,mmariani13,1,"Born to Run","Bruce Springsteen",22,43,rock,spotify:track:6hTcuIQa0sxrrByu9wTD7s
1,,mmariani13,Kristin,5,"The Fox (What Does the Fox Say?)",Ylvis,49,82,,spotify:track:5HOpkTTVcmZHnthgyxrIL8
1,,mmariani13,Kristin,2,"Bohemian Rhapsody - Remastered 2011",Queen,8,38,"classic rock",spotify:track:7tFiyTwD0nx5a1eklYtX2J
1,,mmariani13,Kristin,3,"Baby Got Back","Sir Mix-A-Lot",35,39,Hip-Hop,spotify:track:1SAkL1mYNJlaqnBQxVZrRl
1,,mmariani13,Kristin,3,"Welcome to the Black Parade","My Chemical Romance",3,61,rock,spotify:track:5wQnmLuC1W7ATsArWACrgW
1,,mmariani13,Kristin,1,"Smells Like Teen Spirit",Nirvana,1,68,Grunge,spotify:track:5ghIJDpPoe3CfHMGu71E6T
1,,mmariani13,Kristin,0,"Gangnam Style (강남스타일)",PSY,66,92,,spotify:track:03UrZgTINDqvnUMbbIMhql
1,,mmariani13,Kristin,7,"Drunk in Love (feat. JAY-Z)","Beyoncé, JAŸ-Z",88,60,,spotify:track:6jG2YzhxptolDzLHTGLt7S
1,,mmariani13,Mashew,3,Hideaway,Kiesza,35,31,,spotify:track:0c6xIDDpzE81m2q797ordA
1,,mmariani13,Mashew,1,"Belleville rendez-vous - Version française",-M-,86,36,,spotify:track:19UacICIUpQyCSaqqUbhsU
1,,mmariani13,Mashew,3,"I Believe in a Thing Called Love","The Darkness",24,90,rock,spotify:track:756CJtQRFSxEx9jV4P9hpA
1,,mmariani13,Mashew,4,"The Suffering","Coheed and Cambria",43,13,,spotify:track:4dcUque6026WExzwJYWG7H
1,,mmariani13,Mashew,3,"Purple Haze","Jimi Hendrix",16,60,"classic rock",spotify:track:0wJoRiX5K5BxlqZTolB2LD
1,,mmariani13,Mashew,1,"Come Down","Anderson .Paak",34,72,,spotify:track:276zciJ7Fg7Jk6Ta6QuLkp
1,,mmariani13,Mashew,4,"Guerrilla Radio","Rage Against The Machine",21,41,rock,spotify:track:1wsRitfRRtWyEapl0q22o8
1,,mmariani13,Mashew,2,Abissama,"Incredible Polo",81,50,,spotify:track:2mNmKVBJ1U1nuPFJ5VGjCl
1,,mmariani13,Mashew,5,"Brain Stew","Green Day",12,37,"punk rock",spotify:track:1nLnpLXvl68RZCSjfkyiaa
1,,mmariani13,"Sasha Mariana",6,"Hooked On A Feeling","Blue Swede, Björn Skifs",82,50,,spotify:track:6Ac4NVYYl2U73QiTt11ZKd
1,,mmariani13,"Sasha Mariana",2,"Blurred Lines","Robin Thicke, T.I., Pharrell Williams",83,32,,spotify:track:0n4bITAu0Y0nigrz3MFJMb
1,,mmariani13,"Sasha Mariana",1,"In Too Deep","Sum 41",13,75,"punk rock",spotify:track:1HNE2PX70ztbEl6MLxrpNL
1,,mmariani13,"Sasha Mariana",0,"Big Ship","Freddie McGregor",72,60,,spotify:track:6HpjJaxJki9ubKp4aXow8b
1,,mmariani13,"Sasha Mariana",2,"A Bar Song (Tipsy)",Shaboozey,24,76,country,spotify:track:2FQrifJ1N335Ljm3TjTVVf
1,,mmariani13,"Sasha Mariana",5,vampire,"Olivia Rodrigo",1,55,"pop rock",spotify:track:1kuGVB7EU95pJObxwvfwKS
1,,mmariani13,"Sasha Mariana",4,"La Vie en rose","Édith Piaf",42,30,,spotify:track:3lAun9V0YdTlCSIEXPvfsY
1,,mmariani13,"Sasha Mariana",4,Santeria,Sublime,7,76,ska,spotify:track:2hnMS47jN0etwvFPzYk11f
1,,mmariani13,gregamariani,4,"Party In The U.S.A.","Miley Cyrus",8,57,pop,spotify:track:5Q0Nhxo0l2bP3pNjpGJwV1
1,,mmariani13,gregamariani,1,"That Thing You Do!","The Wonders",62,72,,spotify:track:4O6ZaZrRCFfiZZKjnrXqlk
1,,mmariani13,gregamariani,1,"Hands Down","Dashboard Confessional",29,42,,spotify:track:3Gd6RkNpDERm3rVm9xk2BZ
1,,mmariani13,gregamariani,1,"Calming Water Soundscapes","The Slumbering One",87,1,,spotify:track:1oT7twcAoXD7cC7e9yhCQs
1,,mmariani13,gregamariani,0,"Graduation March","Holiday Celebration Troupe",90,25,,spotify:track:1uaFfBstndFSw4vntlb1k7
1,,mmariani13,jellydru,3,"All Star","Smash Mouth",14,63,rock,spotify:track:3cfOd4CMv2snFaKAnMdnvK
1,,mmariani13,jellydru,4,"Lone Digger","Caravan Palace",32,73,"electro swing",spotify:track:0thLhIqWsqqycEqFONOyhu
1,,mmariani13,jellydru,3,BIRDBRAIN,"Jamie Paige, OK Glass",85,65,,spotify:track:2DAZakhs7RRCoM6pvLpUEz
1,,mmariani13,jellydru,2,"Flight of the Crows",Jhariah,50,61,,spotify:track:2SgpLPEfLGWDMkCT9nFAO6
1,,mmariani13,jellydru,1,Femininomenon,"Chappell Roan",5,75,pop,spotify:track:11A0lCLTCw1pLyuPqYMoxX
1,,mmariani13,jellydru,1,"Немое кино",Grad!ent,81,87,,spotify:track:1lBOIouZlyCvGPTtDF5p5d
1,,mmariani13,lorimariani,2,"Don't You (Forget About Me)","Simple Minds",20,37,80s,spotify:track:6yEAAIEHu4GcUFptg5W9kI
1,,mmariani13,lorimariani,1,"Dirty Little Secret","The All-American Rejects",10,86,rock,spotify:track:5lDriBxJd22IhOH9zTcFrV
1,,mmariani13,lorimariani,1,"Losing My Religion",R.E.M.,4,12,rock,spotify:track:31AOj9sFz2gM0O3hMARRBx
1,,mmariani13,lorimariani,1,"Dancing In the Dark","Bruce Springsteen",15,40,rock,spotify:track:7FwBtcecmlpc1sLySPXeGE
1,,mmariani13,lorimariani,5,"Sultans of Swing","Dire Straits",5,46,"classic rock",spotify:track:6cr6UDpkjEaMQ80OjWqEBQ
1,,mmariani13,lorimariani,4,"99 Luftballons",Nena,22,21,80s,spotify:track:2IJftBfq7pJ43tfnOR0RB3
1,,mmariani13,lorimariani,3,"The Low Spark Of High-Heeled Boys",Traffic,73,,,spotify:track:1yW6y8RufwB4WEAQeip0tx
1,,mmariani13,margs,3,"Low (feat. T-Pain)","Flo Rida, T-Pain",20,53,Hip-Hop,spotify:track:0CAfXk7DXMnon4gLudAp7J
1,,mmariani13,margs,0,"My Heart Will Go On - Love Theme from ""Titanic""","Céline Dion",42,35,,spotify:track:33LC84JgLvK2KuW43MfaNq
1,,mmariani13,margs,2,"Sugar, We're Goin Down","Fall Out Boy",8,79,"pop punk",spotify:track:2TfSHkHiFO4gRztVIkggkE
1,,mmariani13,margs,6,"Blank Space","Taylor Swift",2,53,pop,spotify:track:1u8c2t2Cy7UBoG4ArRcF5g
1,,mmariani13,margs,1,"Baby Got Back","Sir Mix-A-Lot",35,39,Hip-Hop,spotify:track:1SAkL1mYNJlaqnBQxVZrRl
1,,mmariani13,margs,4,"Dos Oruguitas","Sebastian Yatra",49,9,,spotify:track:5rohUzwEoRsUvAA1Bf3DLo
1,,mmariani13,missmara,1,"Where Is My Mind?",Pixies,7,28,alternative,spotify:track:0KzAbK6nItSqNh8q70tb0K
1,,mmariani13,missmara,2,"Somebody That I Used To Know","Gotye, Kimbra",3,16,indie,spotify:track:4wCmqSrbyCgxEXROQE6vtV
1,,mmariani13,missmara,3,"Teenage Dirtbag",Wheatus,9,16,rock,spotify:track:25FTMokYEbEWHEdss5JLZS
1,,mmariani13,missmara,1,"Tiny Dancer","Elton John",17,49,"classic rock",spotify:track:2TVxnKdb3tqe1nhQWwwZCO
1,,mmariani13,missmara,0,"Space Oddity - 1999 Remaster","David Bowie",27,32,,spotify:track:22yy03IdKXGRUFMQX8EfBv
1,,mmariani13,missmara,0,"Taper Jean Girl","Kings of Leon",40,73,,spotify:track:6kUktzISXJLuUurOFhc2Ms
1,,mmariani13,missmara,3,"Bad Blood (feat. Kendrick Lamar) (Taylor's Version)","Taylor Swift, Kendrick Lamar",76,65,,spotify:track:6qAcApH8obo8eqatCKUHd9
2,,Kristin,Mashew,2,"Sweet Avenue","Jets To Brazil",63,60,,spotify:track:5MtYwSungnCDRopSOVlzFh
2,,Kristin,Mashew,3,"I'm Shipping Up To Boston","Dropkick Murphys",26,72,,spotify:track:7rSERmjAT38lC5QhJ8hnQc
2,,Kristin,Mashew,2,"Vasoline - 2019 Remaster","Stone Temple Pilots",46,63,,spotify:track:4fjsOdrWMaKf70x21h5XbX
2,,Kristin,Mashew,2,"Bidi Bidi Bom Bom",Selena,56,97,,spotify:track:0o9Vr0BGIQPh32staLHcuU
2,,Kristin,Mashew,1,"Me and Julio Down by the Schoolyard","Me First and the Gimme Gimmes",81,74,,spotify:track:0KGr1YuoGsLL1mZV0DK8go
2,,Kristin,Mashew,1,"Feel the Pain","Dinosaur Jr.",42,25,,spotify:track:6xUMt58RCX98m7g0KcMwAS
2,,Kristin,Mashew,2,Chanbara,"At the Drive-In",60,54,,spotify:track:5Gh7uZTnZx3bpCyGaY7wpt
2,,Kristin,Ronm,1,"Funk #49","James Gang",59,34,,spotify:track:5h6SovHOYpIMlAkafxcbq3
2,,Kristin,Ronm,2,"End Of The Line","Traveling Wilburys",49,64,,spotify:track:4HA2jo7wkMdN1lmLO6ryzE
2,,Kristin,Ronm,2,"Me and Bobby McGee","Janis Joplin",34,37,,spotify:track:1IqFh00G2kvvMm8pRMpehA
2,,Kristin,Ronm,1,"Smoke on the Water","Deep Purple",23,61,,spotify:track:5SAUIWdZ04OxYfJFDchC7S
2,,Kristin,Ronm,3,Jessica,"Allman Brothers Band",53,34,,spotify:track:2tVQhBSJ1SQtb4gX0taaiR
2,,Kristin,Ronm,1,"Angel Eyes","Tamara Walker",95,64,,spotify:track:1Tim3HlIUPKjpSePxxfTYB
2,,Kristin,Ronm,3,Hurt,"Johnny Cash",9,47,country,spotify:track:28cnXtME493VX9NOw9cIUh
2,,Kristin,Ronm,3,"Fortunate Son","Creedence Clearwater Revival",6,56,"classic rock",spotify:track:4BP3uh0hFLFRb5cjsgLqDh
2,,Kristin,Ronm,1,"30 Days In The Hole","Humble Pie",70,100,,spotify:track:3KG03fcha5gJBLyze9919W
2,,Kristin,"Sasha Mariana",4,"Ain't Got Rhythm","Phineas, Sherman",94,35,,spotify:track:41vXrvl9HIfUpijbIgi5R6
2,,Kristin,"Sasha Mariana",1,505,"Arctic Monkeys",0,75,"indie rock",spotify:track:58ge6dfP91o9oXMzq3XkIS
2,,Kristin,"Sasha Mariana",3,Africa,TOTO,6,53,80s,spotify:track:2374M0fQpWi3dLnB54qaLX
2,,Kristin,"Sasha Mariana",3,"Smells Like Teen Spirit",Nirvana,1,68,Grunge,spotify:track:5ghIJDpPoe3CfHMGu71E6T
2,,Kristin,"Sasha Mariana",2,"Lost Woods (From ""Legend of Zelda: Ocarina of Time"")","Koji Kondo, OST Remastered",97,31,,spotify:track:7qQlZvDKyqZKsjLdiezLju
2,,Kristin,"Sasha Mariana",2,"Jenny from the Block (feat. Jadakiss & Styles P.) - Track Masters Remix","Jennifer Lopez, Jadakiss, Styles P",87,43,,spotify:track:4ZOyH6KjomjlqCz3oFqglr
2,,Kristin,"Sasha Mariana",2,"I Will Survive",CAKE,35,46,,spotify:track:4THrHKyBL0yaDDw9yg37Zk
2,,Kristin,"Sasha Mariana",2,"Enter Sandman (Remastered)",Metallica,6,53,,spotify:track:3VqHuw0wFlIHcIPWkhIbdQ
2,,Kristin,gregamariani,4,"With A Little Help From My Friends - Remastered 2009","The Beatles",31,42,,spotify:track:2RnPATK99oGOZygnD2GTO6
2,,Kristin,gregamariani,3,"99 Luftballons",Nena,22,21,80s,spotify:track:2IJftBfq7pJ43tfnOR0RB3
2,,Kristin,gregamariani,4,"I Feel So","Box Car Racer",48,83,,spotify:track:1Igy3egsujfV4WphlW0B7K
2,,Kristin,gregamariani,4,"Beverly Hills",Weezer,21,70,"alternative rock",spotify:track:1yKu2MhpwzDXXH2tzG6xoa
2,,Kristin,gregamariani,1,"Knights of Cydonia",Muse,8,55,"alternative rock",spotify:track:7ouMYWpwJ422jRcDASZB7P
2,,Kristin,gregamariani,4,"Linus And Lucy","Vince Guaraldi Trio",47,16,,spotify:track:5N96qwzTDhbf2y6FWAVz4c
2,,Kristin,gregamariani,1,"Sway - From ""Shall We Dance""","Movie Sounds Unlimited",96,43,,spotify:track:7ipoen14ur2ThMyvYyPjWz
2,,Kristin,gregamariani,3,"Can't Stop","Red Hot Chili Peppers",3,46,rock,spotify:track:4BcS4LomxUnQpzx4hCaJTs
2,,Kristin,gregamariani,2,Mother,Danzig,23,39,"hard rock",spotify:track:7txxAtOMwLLnQTpKeBL6bp
2,,Kristin,jellydru,1,"2econd-2ight-2eer (that was fun, goodbye.)","Will Wood",41,61,,spotify:track:4TscdmeSTKo5FOP8ZS6zP1
2,,Kristin,jellydru,1,"(Don't Fear) The Reaper","Blue Öyster Cult",13,47,"classic rock",spotify:track:5QTxFnGygVM4jFQiBovmRo
2,,Kristin,jellydru,2,Twinklestar,"Snail's House",80,72,,spotify:track:7lXPGJoT9sPDvlSur02LiE
2,,Kristin,jellydru,1,"Pinned My Dreams On A Shooting Star",Worthikids,79,100,,spotify:track:7JnawDlUpjOYhxnZcUdGZ7
2,,Kristin,lorimariani,4,"1979 - Remastered 2012","The Smashing Pumpkins",7,52,,spotify:track:5QLHGv0DfpeXLNFo7SFEy1
2,,Kristin,lorimariani,3,"California Love - Original Version","2Pac, Roger, Dr. Dre",80,79,,spotify:track:3ia3dJETSOllPsv3LJkE35
2,,Kristin,lorimariani,2,"Free Bird","Lynyrd Skynyrd",12,62,"classic rock",spotify:track:5EWPGh7jbTNO2wakv8LjUI
2,,Kristin,lorimariani,3,"Love Don't Cost a Thing","Jennifer Lopez",44,34,,spotify:track:1fgvJXlcZ7uIddMpqsqw0L
2,,Kristin,lorimariani,4,"Killing Me Softly with His Song","Fugees, Ms. Lauryn Hill",79,32,,spotify:track:0EKow7JeCxHtweqQyVy5ko
2,,Kristin,lorimariani,3,"Sweet Child O' Mine","Guns N' Roses",4,25,rock,spotify:track:7snQQk1zcKl8gZ92AnueZW
2,,Kristin,lorimariani,3,"Lose Yourself",Eminem,10,36,rap,spotify:track:5Z01UMMf7V1o0MzF86s6WJ
2,,Kristin,margs,5,"Running Up That Hill (A Deal With God)","Kate Bush",5,42,80s,spotify:track:1PtQJZVZIdWIYdARpZRDFO
2,,Kristin,margs,1,22,"Taylor Swift",19,32,pop,spotify:track:3bIxTsfeNMO7Nt2J3EUKrA
2,,Kristin,margs,3,"Dark Blue","Jack's Mannequin",40,52,,spotify:track:2XFOuxF5xUZ00RaVfaIdw2
2,,Kristin,margs,2,Vienna,"Billy Joel",6,38,"classic rock",spotify:track:4U45aEWtQhrm8A5mxPaFZ7
2,,Kristin,margs,2,"Sweet Child O' Mine","Guns N' Roses",4,25,rock,spotify:track:7snQQk1zcKl8gZ92AnueZW
2,,Kristin,margs,2,"Theme From Jurassic Park","John Williams",58,16,,spotify:track:2TZbQZXOuR8osP2AK8yYMN
2,,Kristin,margs,3,"I'm Real (feat. Ja Rule) - Murder Remix","Jennifer Lopez, Ja Rule",92,58,,spotify:track:6MLsahMK3VvH9NUwXOktdS
2,,Kristin,margs,1,"I Wanna Dance With Somebody (Live)","Ben Rector",92,39,,spotify:track:6JuPPW11wSDBELUZ9CSHu1
2,,Kristin,margs,3,"Piano Man","Billy Joel",10,31,"classic rock",spotify:track:70C4NyhjD5OZUMzvWZ3njJ
2,,Kristin,margs,3,"Yeah! (feat. Lil Jon & Ludacris)","USHER, Lil Jon, Ludacris",78,59,,spotify:track:5rb9QrpfcKFHM1EUbSIurX
2,,Kristin,missmara,3,"Song 2 - 2012 Remaster",Blur,10,62,rock,spotify:track:1FTSo4v6BOZH9QxKc3MbVM
2,,Kristin,missmara,2,"Osaka Loop Line",Discovery,57,88,,spotify:track:5FhR3iMNhjkDDJYvS6e2wP
2,,Kristin,missmara,3,"Come Out and Play","The Offspring",25,78,"punk rock",spotify:track:5JJDu0Z5DKe7mR31MGksSg
2,,Kristin,missmara,2,"BATTLE WITHOUT HONOR OR HUMANITY",HOTEI,66,90,,spotify:track:0PH3OkM1QnIyb44VhFVbca
2,,Kristin,missmara,3,Criminal,"Fiona Apple",19,72,"female vocalists",spotify:track:6PNvv1dmDbOWrAYwEcuKBX
2,,Kristin,missmara,3,"Lake Of Fire - Live",Nirvana,31,36,,spotify:track:4UJmPSJsBsIR1U0N79BU1g
2,,Kristin,missmara,1,"Shimmy Shimmy Ya","Ol' Dirty Bastard",40,86,,spotify:track:3ABG1UQTk0eLYUAeWkmfMi
2,,Kristin,missmara,1,"Leaving The Light","Genesis Owusu",68,86,,spotify:track:35nOLWeyoXbZvhcczCzQit
2,,Kristin,mmariani13,4,"Hide and Seek","Imogen Heap",14,35,,spotify:track:2Ac0Zn3FYbXjdjEsIpWThz
2,,Kristin,mmariani13,3,"2000 Light Years Away","Green Day",51,83,,spotify:track:6pM25DLzJb5oWj74d3ElXI
2,,Kristin,mmariani13,4,"River Of Deceit","Mad Season",46,23,,spotify:track:3e2fDgC93LGc9Lbdvr6I9k
2,,Kristin,mmariani13,2,"Chop Suey!","System Of A Down",1,51,"alternative metal",spotify:track:2DlHlPMa4M17kufBvI2lEN
2,,Kristin,mmariani13,2,"Star Spangled Banner - Live at The Woodstock Music & Art Fair, August 18, 1969","Jimi Hendrix",69,100,,spotify:track:5nJ9WqiiVz9Rz6a2xLhHlZ
2,,Kristin,mmariani13,2,"Gold Digger","Kanye West, Jamie Foxx",7,41,Hip-Hop,spotify:track:1PS1QMdUqOal0ai3Gt7sDQ
2,,Kristin,mmariani13,3,Hallelujah,"Jeff Buckley",12,25,beautiful,spotify:track:3pRaLNL3b8x5uBOcsgvdqM
2,,Kristin,mmariani13,3,"Let's Go Crazy",Prince,42,43,,spotify:track:6FMIVQPZg9cmMY8hPxAacD
2,,Kristin,mmariani13,2,Bullion,Millencolin,63,56,,spotify:track:5HYdtUpSLQHXfrCGlK5nPu
2,,Mashew,Kristin,0,"I'll Be There for You - Theme From ""Friends""","The Rembrandts",60,64,,spotify:track:15tHagkk8z306XkyOHqiip
2,,Mashew,Kristin,1,"Hunger Strike","Temple Of The Dog",32,68,Grunge,spotify:track:0W7AbEauB7cP4pidLclApe
2,,Mashew,Kristin,2,"Empire State Of Mind","JAŸ-Z, Alicia Keys",90,47,,spotify:track:2igwFfvr1OAGX9SKDCPBwO
2,,Mashew,Kristin,5,"Waiting for Tonight","Jennifer Lopez",44,16,,spotify:track:5yaCquc7koPqtgj7v0lwHX
2,,Mashew,Kristin,1,"Nothing Compares 2 U - Live At SiriusXM/2015","Chris Cornell",68,44,,spotify:track:0tUELgOuOJ3KCsYMDDsNvD
2,,Mashew,Kristin,1,Firestarter,"The Prodigy",26,19,electronic,spotify:track:1auX4gkGe7hbrOH0BXdpV4
2,,Mashew,Ronm,2,"Funk #49","James Gang",59,34,,spotify:track:5h6SovHOYpIMlAkafxcbq3
2,,Mashew,Ronm,1,"Me and Bobby McGee","Janis Joplin",34,37,,spotify:track:1IqFh00G2kvvMm8pRMpehA
2,,Mashew,Ronm,2,"Angel Eyes","Tamara Walker",95,64,,spotify:track:1Tim3HlIUPKjpSePxxfTYB
2,,Mashew,Ronm,3,Hurt,"Johnny Cash",9,47,country,spotify:track:28cnXtME493VX9NOw9cIUh
2,,Mashew,"Sasha Mariana",1,"Ain't Got Rhythm","Phineas, Sherman",94,35,,spotify:track:41vXrvl9HIfUpijbIgi5R6
2,,Mashew,"Sasha Mariana",1,505,"Arctic Monkeys",0,75,"indie rock",spotify:track:58ge6dfP91o9oXMzq3XkIS
2,,Mashew,"Sasha Mariana",3,"Black Swan","Thom Yorke",29,83,,spotify:track:3R7bfoEKPkxaukeC3ZSn4o
2,,Mashew,"Sasha Mariana",3,"Smells Like Teen Spirit",Nirvana,1,68,Grunge,spotify:track:5ghIJDpPoe3CfHMGu71E6T
2,,Mashew,"Sasha Mariana",2,"Lost Woods (From ""Legend of Zelda: Ocarina of Time"")","Koji Kondo, OST Remastered",97,31,,spotify:track:7qQlZvDKyqZKsjLdiezLju
2,,Mashew,"Sasha Mariana",1,"I Will Survive",CAKE,35,46,,spotify:track:4THrHKyBL0yaDDw9yg37Zk
2,,Mashew,"Sasha Mariana",2,"Enter Sandman (Remastered)",Metallica,6,53,,spotify:track:3VqHuw0wFlIHcIPWkhIbdQ
2,,Mashew,gregamariani,2,"With A Little Help From My Friends - Remastered 2009","The Beatles",31,42,,spotify:track:2RnPATK99oGOZygnD2GTO6
2,,Mashew,gregamariani,4,"I Feel So","Box Car Racer",48,83,,spotify:track:1Igy3egsujfV4WphlW0B7K
2,,Mashew,gregamariani,3,"Knights of Cydonia",Muse,8,55,"alternative rock",spotify:track:7ouMYWpwJ422jRcDASZB7P
2,,Mashew,gregamariani,1,"Linus And Lucy","Vince Guaraldi Trio",47,16,,spotify:track:5N96qwzTDhbf2y6FWAVz4c
2,,Mashew,gregamariani,2,Mother,Danzig,23,39,"hard rock",spotify:track:7txxAtOMwLLnQTpKeBL6bp
2,,Mashew,jellydru,1,"Great at Crime","OR3O, The Musical Ghost",98,44,,spotify:track:1vkgVKTsovqLrC4ZHREqXh
2,,Mashew,jellydru,1,"Naked In Manhattan","Chappell Roan",9,77,pop,spotify:track:3y4W93JOKprkNgdnTaDvTF
2,,Mashew,jellydru,1,Twinklestar,"Snail's House",80,72,,spotify:track:7lXPGJoT9sPDvlSur02LiE
2,,Mashew,lorimariani,4,"Don't Stop Believin'",Journey,11,66,"classic rock",spotify:track:77NNZQSqzLNqh2A9JhLRkg
2,,Mashew,lorimariani,2,"1979 - Remastered 2012","The Smashing Pumpkins",7,52,,spotify:track:5QLHGv0DfpeXLNFo7SFEy1
2,,Mashew,lorimariani,1,Everlong,"Foo Fighters",1,81,rock,spotify:track:5UWwZ5lm5PKu6eKsHAGxOk
2,,Mashew,lorimariani,4,"California Love - Original Version","2Pac, Roger, Dr. Dre",80,79,,spotify:track:3ia3dJETSOllPsv3LJkE35
2,,Mashew,lorimariani,2,"Breezin'","George Benson",56,47,,spotify:track:1m3BAsNsQAaSNMD2M6vlKY
2,,Mashew,lorimariani,2,"Love Don't Cost a Thing","Jennifer Lopez",44,34,,spotify:track:1fgvJXlcZ7uIddMpqsqw0L
2,,Mashew,lorimariani,4,"Killing Me Softly with His Song","Fugees, Ms. Lauryn Hill",79,32,,spotify:track:0EKow7JeCxHtweqQyVy5ko
2,,Mashew,margs,1,"Running Up That Hill (A Deal With God)","Kate Bush",5,42,80s,spotify:track:1PtQJZVZIdWIYdARpZRDFO
2,,Mashew,margs,1,22,"Taylor Swift",19,32,pop,spotify:track:3bIxTsfeNMO7Nt2J3EUKrA
2,,Mashew,margs,1,"Dark Blue","Jack's Mannequin",40,52,,spotify:track:2XFOuxF5xUZ00RaVfaIdw2
2,,Mashew,margs,1,"Sweet Child O' Mine","Guns N' Roses",4,25,rock,spotify:track:7snQQk1zcKl8gZ92AnueZW
2,,Mashew,margs,1,"Theme From Jurassic Park","John Williams",58,16,,spotify:track:2TZbQZXOuR8osP2AK8yYMN
2,,Mashew,margs,1,"I Wanna Dance With Somebody (Live)","Ben Rector",92,39,,spotify:track:6JuPPW11wSDBELUZ9CSHu1
2,,Mashew,margs,1,"Yeah! (feat. Lil Jon & Ludacris)","USHER, Lil Jon, Ludacris",78,59,,spotify:track:5rb9QrpfcKFHM1EUbSIurX
2,,Mashew,missmara,4,"Rebel Gene","Thomas Mudrick",93,59,,spotify:track:0coiC3yiiQVSqbGBNzNgkr
2,,Mashew,missmara,6,"Song 2 - 2012 Remaster",Blur,10,62,rock,spotify:track:1FTSo4v6BOZH9QxKc3MbVM
2,,Mashew,missmara,5,"Osaka Loop Line",Discovery,57,88,,spotify:track:5FhR3iMNhjkDDJYvS6e2wP
2,,Mashew,missmara,5,Cayucos,Cayucas,67,46,,spotify:track:5VUe6B0429dz4a4yysYZS1
2,,Mashew,missmara,5,"Come Out and Play","The Offspring",25,78,"punk rock",spotify:track:5JJDu0Z5DKe7mR31MGksSg
2,,Mashew,missmara,4,"BATTLE WITHOUT HONOR OR HUMANITY",HOTEI,66,90,,spotify:track:0PH3OkM1QnIyb44VhFVbca
2,,Mashew,missmara,4,Criminal,"Fiona Apple",19,72,"female vocalists",spotify:track:6PNvv1dmDbOWrAYwEcuKBX
2,,Mashew,missmara,5,"Lake Of Fire - Live",Nirvana,31,36,,spotify:track:4UJmPSJsBsIR1U0N79BU1g
2,,Mashew,missmara,6,"Leaving The Light","Genesis Owusu",68,86,,spotify:track:35nOLWeyoXbZvhcczCzQit
2,,Mashew,mmariani13,4,"Hide and Seek","Imogen Heap",14,35,,spotify:track:2Ac0Zn3FYbXjdjEsIpWThz
2,,Mashew,mmariani13,5,"2000 Light Years Away","Green Day",51,83,,spotify:track:6pM25DLzJb5oWj74d3ElXI
2,,Mashew,mmariani13,2,"River Of Deceit","Mad Season",46,23,,spotify:track:3e2fDgC93LGc9Lbdvr6I9k
2,,Mashew,mmariani13,4,"Frances Farmer Will Have Her Revenge On Seattle",Nirvana,29,52,,spotify:track:06B04lID9HGPwPWwBkTQfU
2,,Mashew,mmariani13,5,"Chop Suey!","System Of A Down",1,51,"alternative metal",spotify:track:2DlHlPMa4M17kufBvI2lEN
2,,Mashew,mmariani13,3,"Star Spangled Banner - Live at The Woodstock Music & Art Fair, August 18, 1969","Jimi Hendrix",69,100,,spotify:track:5nJ9WqiiVz9Rz6a2xLhHlZ
2,,Mashew,mmariani13,4,"Gold Digger","Kanye West, Jamie Foxx",7,41,Hip-Hop,spotify:track:1PS1QMdUqOal0ai3Gt7sDQ
2,,Mashew,mmariani13,2,Hallelujah,"Jeff Buckley",12,25,beautiful,spotify:track:3pRaLNL3b8x5uBOcsgvdqM
2,,Mashew,mmariani13,5,Bullion,Millencolin,63,56,,spotify:track:5HYdtUpSLQHXfrCGlK5nPu
2,,Ronm,Kristin,3,"I'll Be There for You - Theme From ""Friends""","The Rembrandts",60,64,,spotify:track:15tHagkk8z306XkyOHqiip
2,,Ronm,Kristin,2,"867-5309 / Jenny","Tommy Tutone",57,42,,spotify:track:6iX1f3r7oUJnMbGgQ2gx1j
2,,Ronm,Kristin,5,"Hunger Strike","Temple Of The Dog",32,68,Grunge,spotify:track:0W7AbEauB7cP4pidLclApe
2,,Ronm,Kristin,1,Barracuda,Heart,21,32,"classic rock",spotify:track:4KfSdst7rW39C0sfhArdrz
2,,Ronm,Kristin,2,"The Pink Panther Theme - From ""The Pink Panther""","Henry Mancini, Plas Johnson",97,45,,spotify:track:0juPSJLFnLFim7BK6VzTes
2,,Ronm,Kristin,2,"Waiting for Tonight","Jennifer Lopez",44,16,,spotify:track:5yaCquc7koPqtgj7v0lwHX
2,,Ronm,Kristin,3,"Crazy Train","Ozzy Osbourne",14,69,"heavy metal",spotify:track:7ACxUo21jtTHzy7ZEV56vU
2,,Ronm,Mashew,1,"Hockey Monkey","The Zambonis, James Kochalka",100,41,,spotify:track:2lkQ0RO3LVX2L4g4wz5fSO
2,,Ronm,Mashew,2,"Sweet Avenue","Jets To Brazil",63,60,,spotify:track:5MtYwSungnCDRopSOVlzFh
2,,Ronm,Mashew,2,"I'm Shipping Up To Boston","Dropkick Murphys",26,72,,spotify:track:7rSERmjAT38lC5QhJ8hnQc
2,,Ronm,Mashew,1,"Vasoline - 2019 Remaster","Stone Temple Pilots",46,63,,spotify:track:4fjsOdrWMaKf70x21h5XbX
2,,Ronm,Mashew,1,Undertale,"Toby Fox",49,47,,spotify:track:2FZ99j224ohiGLavqjijza
2,,Ronm,Mashew,3,"Bidi Bidi Bom Bom",Selena,56,97,,spotify:track:0o9Vr0BGIQPh32staLHcuU
2,,Ronm,Mashew,2,"Me and Julio Down by the Schoolyard","Me First and the Gimme Gimmes",81,74,,spotify:track:0KGr1YuoGsLL1mZV0DK8go
2,,Ronm,Mashew,3,"Feel the Pain","Dinosaur Jr.",42,25,,spotify:track:6xUMt58RCX98m7g0KcMwAS
2,,Ronm,Mashew,1,Chanbara,"At the Drive-In",60,54,,spotify:track:5Gh7uZTnZx3bpCyGaY7wpt
2,,Ronm,Ronm,0,"Going to California - Remaster","Led Zeppelin",31,26,,spotify:track:70gbuMqwNBE2Y5rkQJE9By
2,,Ronm,"Sasha Mariana",2,"Ain't Got Rhythm","Phineas, Sherman",94,35,,spotify:track:41vXrvl9HIfUpijbIgi5R6
2,,Ronm,"Sasha Mariana",2,"Black Swan","Thom Yorke",29,83,,spotify:track:3R7bfoEKPkxaukeC3ZSn4o
2,,Ronm,"Sasha Mariana",3,Africa,TOTO,6,53,80s,spotify:track:2374M0fQpWi3dLnB54qaLX
2,,Ronm,"Sasha Mariana",2,"Smells Like Teen Spirit",Nirvana,1,68,Grunge,spotify:track:5ghIJDpPoe3CfHMGu71E6T
2,,Ronm,"Sasha Mariana",2,"Lost Woods (From ""Legend of Zelda: Ocarina of Time"")","Koji Kondo, OST Remastered",97,31,,spotify:track:7qQlZvDKyqZKsjLdiezLju
2,,Ronm,"Sasha Mariana",1,"Jenny from the Block (feat. Jadakiss & Styles P.) - Track Masters Remix","Jennifer Lopez, Jadakiss, Styles P",87,43,,spotify:track:4ZOyH6KjomjlqCz3oFqglr
2,,Ronm,"Sasha Mariana",2,"I Will Survive",CAKE,35,46,,spotify:track:4THrHKyBL0yaDDw9yg37Zk
2,,Ronm,"Sasha Mariana",1,Just,Radiohead,3,24,alternative,spotify:track:1dyTcli07c77mtQK3ahUZR
2,,Ronm,"Sasha Mariana",2,"Enter Sandman (Remastered)",Metallica,6,53,,spotify:track:3VqHuw0wFlIHcIPWkhIbdQ
2,,Ronm,gregamariani,1,"With A Little Help From My Friends - Remastered 2009","The Beatles",31,42,,spotify:track:2RnPATK99oGOZygnD2GTO6
2,,Ronm,gregamariani,2,"99 Luftballons",Nena,22,21,80s,spotify:track:2IJftBfq7pJ43tfnOR0RB3
2,,Ronm,gregamariani,1,"I Feel So","Box Car Racer",48,83,,spotify:track:1Igy3egsujfV4WphlW0B7K
2,,Ronm,gregamariani,2,"Beverly Hills",Weezer,21,70,"alternative rock",spotify:track:1yKu2MhpwzDXXH2tzG6xoa
2,,Ronm,gregamariani,2,"Linus And Lucy","Vince Guaraldi Trio",47,16,,spotify:track:5N96qwzTDhbf2y6FWAVz4c
2,,Ronm,gregamariani,2,"Sway - From ""Shall We Dance""","Movie Sounds Unlimited",96,43,,spotify:track:7ipoen14ur2ThMyvYyPjWz
2,,Ronm,gregamariani,3,"Amish Paradise (Parody of ""Gangsta's Paradise"" by Coolio)","""Weird Al"" Yankovic",61,51,,spotify:track:5r96TaQquRrlo3Ym3ZlSL2
2,,Ronm,gregamariani,2,"Can't Stop","Red Hot Chili Peppers",3,46,rock,spotify:track:4BcS4LomxUnQpzx4hCaJTs
2,,Ronm,gregamariani,4,Mother,Danzig,23,39,"hard rock",spotify:track:7txxAtOMwLLnQTpKeBL6bp
2,,Ronm,jellydru,0,"Great at Crime","OR3O, The Musical Ghost",98,44,,spotify:track:1vkgVKTsovqLrC4ZHREqXh
2,,Ronm,jellydru,2,"Naked In Manhattan","Chappell Roan",9,77,pop,spotify:track:3y4W93JOKprkNgdnTaDvTF
2,,Ronm,jellydru,2,"(Don't Fear) The Reaper","Blue Öyster Cult",13,47,"classic rock",spotify:track:5QTxFnGygVM4jFQiBovmRo
2,,Ronm,jellydru,1,"Pinned My Dreams On A Shooting Star",Worthikids,79,100,,spotify:track:7JnawDlUpjOYhxnZcUdGZ7
2,,Ronm,lorimariani,8,"Don't Stop Believin'",Journey,11,66,"classic rock",spotify:track:77NNZQSqzLNqh2A9JhLRkg
2,,Ronm,lorimariani,6,"1979 - Remastered 2012","The Smashing Pumpkins",7,52,,spotify:track:5QLHGv0DfpeXLNFo7SFEy1
2,,Ronm,lorimariani,5,Everlong,"Foo Fighters",1,81,rock,spotify:track:5UWwZ5lm5PKu6eKsHAGxOk
2,,Ronm,lorimariani,4,"California Love - Original Version","2Pac, Roger, Dr. Dre",80,79,,spotify:track:3ia3dJETSOllPsv3LJkE35
2,,Ronm,lorimariani,4,"Free Bird","Lynyrd Skynyrd",12,62,"classic rock",spotify:track:5EWPGh7jbTNO2wakv8LjUI
2,,Ronm,lorimariani,5,"Breezin'","George Benson",56,47,,spotify:track:1m3BAsNsQAaSNMD2M6vlKY
2,,Ronm,lorimariani,3,"Love Don't Cost a Thing","Jennifer Lopez",44,34,,spotify:track:1fgvJXlcZ7uIddMpqsqw0L
2,,Ronm,lorimariani,3,"Killing Me Softly with His Song","Fugees, Ms. Lauryn Hill",79,32,,spotify:track:0EKow7JeCxHtweqQyVy5ko
2,,Ronm,lorimariani,5,"Sweet Child O' Mine","Guns N' Roses",4,25,rock,spotify:track:7snQQk1zcKl8gZ92AnueZW
2,,Ronm,lorimariani,3,"Lose Yourself",Eminem,10,36,rap,spotify:track:5Z01UMMf7V1o0MzF86s6WJ
2,,Ronm,margs,1,22,"Taylor Swift",19,32,pop,spotify:track:3bIxTsfeNMO7Nt2J3EUKrA
2,,Ronm,margs,1,"Dark Blue","Jack's Mannequin",40,52,,spotify:track:2XFOuxF5xUZ00RaVfaIdw2
2,,Ronm,margs,1,Vienna,"Billy Joel",6,38,"classic rock",spotify:track:4U45aEWtQhrm8A5mxPaFZ7
2,,Ronm,margs,3,"Sweet Child O' Mine","Guns N' Roses",4,25,rock,spotify:track:7snQQk1zcKl8gZ92AnueZW
2,,Ronm,margs,2,"Theme From Jurassic Park","John Williams",58,16,,spotify:track:2TZbQZXOuR8osP2AK8yYMN
2,,Ronm,margs,2,"I'm Real (feat. Ja Rule) - Murder Remix","Jennifer Lopez, Ja Rule",92,58,,spotify:track:6MLsahMK3VvH9NUwXOktdS
2,,Ronm,margs,2,"I Wanna Dance With Somebody (Live)","Ben Rector",92,39,,spotify:track:6JuPPW11wSDBELUZ9CSHu1
2,,Ronm,margs,3,"Piano Man","Billy Joel",10,31,"classic rock",spotify:track:70C4NyhjD5OZUMzvWZ3njJ
2,,Ronm,margs,3,"Yeah! (feat. Lil Jon & Ludacris)","USHER, Lil Jon, Ludacris",78,59,,spotify:track:5rb9QrpfcKFHM1EUbSIurX
2,,Ronm,missmara,2,"Rebel Gene","Thomas Mudrick",93,59,,spotify:track:0coiC3yiiQVSqbGBNzNgkr
2,,Ronm,missmara,4,"Song 2 - 2012 Remaster",Blur,10,62,rock,spotify:track:1FTSo4v6BOZH9QxKc3MbVM
2,,Ronm,missmara,2,Cayucos,Cayucas,67,46,,spotify:track:5VUe6B0429dz4a4yysYZS1
2,,Ronm,missmara,4,"Come Out and Play","The Offspring",25,78,"punk rock",spotify:track:5JJDu0Z5DKe7mR31MGksSg
2,,Ronm,missmara,1,"BATTLE WITHOUT HONOR OR HUMANITY",HOTEI,66,90,,spotify:track:0PH3OkM1QnIyb44VhFVbca
2,,Ronm,missmara,3,Criminal,"Fiona Apple",19,72,"female vocalists",spotify:track:6PNvv1dmDbOWrAYwEcuKBX
2,,Ronm,missmara,2,"Lake Of Fire - Live",Nirvana,31,36,,spotify:track:4UJmPSJsBsIR1U0N79BU1g
2,,Ronm,missmara,1,"Leaving The Light","Genesis Owusu",68,86,,spotify:track:35nOLWeyoXbZvhcczCzQit
2,,Ronm,mmariani13,2,"2000 Light Years Away","Green Day",51,83,,spotify:track:6pM25DLzJb5oWj74d3ElXI
2,,Ronm,mmariani13,1,"River Of Deceit","Mad Season",46,23,,spotify:track:3e2fDgC93LGc9Lbdvr6I9k
2,,Ronm,mmariani13,1,"Frances Farmer Will Have Her Revenge On Seattle",Nirvana,29,52,,spotify:track:06B04lID9HGPwPWwBkTQfU
2,,Ronm,mmariani13,2,"Star Spangled Banner - Live at The Woodstock Music & Art Fair, August 18, 1969","Jimi Hendrix",69,100,,spotify:track:5nJ9WqiiVz9Rz6a2xLhHlZ
2,,Ronm,mmariani13,1,"Gold Digger","Kanye West, Jamie Foxx",7,41,Hip-Hop,spotify:track:1PS1QMdUqOal0ai3Gt7sDQ
2,,Ronm,mmariani13,3,Hallelujah,"Jeff Buckley",12,25,beautiful,spotify:track:3pRaLNL3b8x5uBOcsgvdqM
2,,Ronm,mmariani13,2,Bullion,Millencolin,63,56,,spotify:track:5HYdtUpSLQHXfrCGlK5nPu
2,,"Sasha Mariana",Kristin,1,"Hunger Strike","Temple Of The Dog",32,68,Grunge,spotify:track:0W7AbEauB7cP4pidLclApe
2,,"Sasha Mariana",Kristin,1,"Empire State Of Mind","JAŸ-Z, Alicia Keys",90,47,,spotify:track:2igwFfvr1OAGX9SKDCPBwO
2,,"Sasha Mariana",Kristin,2,Barracuda,Heart,21,32,"classic rock",spotify:track:4KfSdst7rW39C0sfhArdrz
2,,"Sasha Mariana",Kristin,2,"The Pink Panther Theme - From ""The Pink Panther""","Henry Mancini, Plas Johnson",97,45,,spotify:track:0juPSJLFnLFim7BK6VzTes
2,,"Sasha Mariana",Kristin,2,"Nothing Compares 2 U - Live At SiriusXM/2015","Chris Cornell",68,44,,spotify:track:0tUELgOuOJ3KCsYMDDsNvD
2,,"Sasha Mariana",Kristin,2,"Crazy Train","Ozzy Osbourne",14,69,"heavy metal",spotify:track:7ACxUo21jtTHzy7ZEV56vU
2,,"Sasha Mariana",Mashew,3,"Sweet Avenue","Jets To Brazil",63,60,,spotify:track:5MtYwSungnCDRopSOVlzFh
2,,"Sasha Mariana",Mashew,1,"I'm Shipping Up To Boston","Dropkick Murphys",26,72,,spotify:track:7rSERmjAT38lC5QhJ8hnQc
2,,"Sasha Mariana",Mashew,3,Undertale,"Toby Fox",49,47,,spotify:track:2FZ99j224ohiGLavqjijza
2,,"Sasha Mariana",Mashew,2,"Bidi Bidi Bom Bom",Selena,56,97,,spotify:track:0o9Vr0BGIQPh32staLHcuU
2,,"Sasha Mariana",Mashew,4,"Me and Julio Down by the Schoolyard","Me First and the Gimme Gimmes",81,74,,spotify:track:0KGr1YuoGsLL1mZV0DK8go
2,,"Sasha Mariana",Mashew,2,Chanbara,"At the Drive-In",60,54,,spotify:track:5Gh7uZTnZx3bpCyGaY7wpt
2,,"Sasha Mariana",Ronm,6,"Going to California - Remaster","Led Zeppelin",31,26,,spotify:track:70gbuMqwNBE2Y5rkQJE9By
2,,"Sasha Mariana",Ronm,3,"Funk #49","James Gang",59,34,,spotify:track:5h6SovHOYpIMlAkafxcbq3
2,,"Sasha Mariana",Ronm,4,"End Of The Line","Traveling Wilburys",49,64,,spotify:track:4HA2jo7wkMdN1lmLO6ryzE
2,,"Sasha Mariana",Ronm,3,"Smoke on the Water","Deep Purple",23,61,,spotify:track:5SAUIWdZ04OxYfJFDchC7S
2,,"Sasha Mariana",Ronm,1,"Angel Eyes","Tamara Walker",95,64,,spotify:track:1Tim3HlIUPKjpSePxxfTYB
2,,"Sasha Mariana",Ronm,2,Hurt,"Johnny Cash",9,47,country,spotify:track:28cnXtME493VX9NOw9cIUh
2,,"Sasha Mariana",Ronm,5,"Fortunate Son","Creedence Clearwater Revival",6,56,"classic rock",spotify:track:4BP3uh0hFLFRb5cjsgLqDh
2,,"Sasha Mariana",Ronm,2,"30 Days In The Hole","Humble Pie",70,100,,spotify:track:3KG03fcha5gJBLyze9919W
2,,"Sasha Mariana",gregamariani,4,"With A Little Help From My Friends - Remastered 2009","The Beatles",31,42,,spotify:track:2RnPATK99oGOZygnD2GTO6
2,,"Sasha Mariana",gregamariani,5,"99 Luftballons",Nena,22,21,80s,spotify:track:2IJftBfq7pJ43tfnOR0RB3
2,,"Sasha Mariana",gregamariani,3,"Beverly Hills",Weezer,21,70,"alternative rock",spotify:track:1yKu2MhpwzDXXH2tzG6xoa
2,,"Sasha Mariana",gregamariani,2,"Knights of Cydonia",Muse,8,55,"alternative rock",spotify:track:7ouMYWpwJ422jRcDASZB7P
2,,"Sasha Mariana",gregamariani,1,"Linus And Lucy","Vince Guaraldi Trio",47,16,,spotify:track:5N96qwzTDhbf2y6FWAVz4c
2,,"Sasha Mariana",gregamariani,5,"Sway - From ""Shall We Dance""","Movie Sounds Unlimited",96,43,,spotify:track:7ipoen14ur2ThMyvYyPjWz
2,,"Sasha Mariana",gregamariani,5,"Can't Stop","Red Hot Chili Peppers",3,46,rock,spotify:track:4BcS4LomxUnQpzx4hCaJTs
2,,"Sasha Mariana",gregamariani,4,Mother,Danzig,23,39,"hard rock",spotify:track:7txxAtOMwLLnQTpKeBL6bp
2,,"Sasha Mariana",jellydru,1,"Great at Crime","OR3O, The Musical Ghost",98,44,,spotify:track:1vkgVKTsovqLrC4ZHREqXh
2,,"Sasha Mariana",jellydru,2,"Naked In Manhattan","Chappell Roan",9,77,pop,spotify:track:3y4W93JOKprkNgdnTaDvTF
2,,"Sasha Mariana",jellydru,3,"(Don't Fear) The Reaper","Blue Öyster Cult",13,47,"classic rock",spotify:track:5QTxFnGygVM4jFQiBovmRo
2,,"Sasha Mariana",jellydru,1,"Pinned My Dreams On A Shooting Star",Worthikids,79,100,,spotify:track:7JnawDlUpjOYhxnZcUdGZ7
2,,"Sasha Mariana",lorimariani,5,"Don't Stop Believin'",Journey,11,66,"classic rock",spotify:track:77NNZQSqzLNqh2A9JhLRkg
2,,"Sasha Mariana",lorimariani,4,"1979 - Remastered 2012","The Smashing Pumpkins",7,52,,spotify:track:5QLHGv0DfpeXLNFo7SFEy1
2,,"Sasha Mariana",lorimariani,3,Everlong,"Foo Fighters",1,81,rock,spotify:track:5UWwZ5lm5PKu6eKsHAGxOk
2,,"Sasha Mariana",lorimariani,2,"California Love - Original Version","2Pac, Roger, Dr. Dre",80,79,,spotify:track:3ia3dJETSOllPsv3LJkE35
2,,"Sasha Mariana",lorimariani,4,"Free Bird","Lynyrd Skynyrd",12,62,"classic rock",spotify:track:5EWPGh7jbTNO2wakv8LjUI
2,,"Sasha Mariana",lorimariani,4,"Breezin'","George Benson",56,47,,spotify:track:1m3BAsNsQAaSNMD2M6vlKY
2,,"Sasha Mariana",lorimariani,1,"Love Don't Cost a Thing","Jennifer Lopez",44,34,,spotify:track:1fgvJXlcZ7uIddMpqsqw0L
2,,"Sasha Mariana",lorimariani,4,"Killing Me Softly with His Song","Fugees, Ms. Lauryn Hill",79,32,,spotify:track:0EKow7JeCxHtweqQyVy5ko
2,,"Sasha Mariana",lorimariani,2,"Lose Yourself",Eminem,10,36,rap,spotify:track:5Z01UMMf7V1o0MzF86s6WJ
2,,"Sasha Mariana",margs,3,"Dark Blue","Jack's Mannequin",40,52,,spotify:track:2XFOuxF5xUZ00RaVfaIdw2
2,,"Sasha Mariana",margs,3,Vienna,"Billy Joel",6,38,"classic rock",spotify:track:4U45aEWtQhrm8A5mxPaFZ7
2,,"Sasha Mariana",margs,1,"I'm Real (feat. Ja Rule) - Murder Remix","Jennifer Lopez, Ja Rule",92,58,,spotify:track:6MLsahMK3VvH9NUwXOktdS
2,,"Sasha Mariana",margs,1,"I Wanna Dance With Somebody (Live)","Ben Rector",92,39,,spotify:track:6JuPPW11wSDBELUZ9CSHu1
2,,"Sasha Mariana",margs,3,"Yeah! (feat. Lil Jon & Ludacris)","USHER, Lil Jon, Ludacris",78,59,,spotify:track:5rb9QrpfcKFHM1EUbSIurX
2,,"Sasha Mariana",missmara,1,"Rebel Gene","Thomas Mudrick",93,59,,spotify:track:0coiC3yiiQVSqbGBNzNgkr
2,,"Sasha Mariana",missmara,4,"Song 2 - 2012 Remaster",Blur,10,62,rock,spotify:track:1FTSo4v6BOZH9QxKc3MbVM
2,,"Sasha Mariana",missmara,3,"Come Out and Play","The Offspring",25,78,"punk rock",spotify:track:5JJDu0Z5DKe7mR31MGksSg
2,,"Sasha Mariana",missmara,6,"BATTLE WITHOUT HONOR OR HUMANITY",HOTEI,66,90,,spotify:track:0PH3OkM1QnIyb44VhFVbca
2,,"Sasha Mariana",missmara,2,Criminal,"Fiona Apple",19,72,"female vocalists",spotify:track:6PNvv1dmDbOWrAYwEcuKBX
2,,"Sasha Mariana",missmara,1,"Shimmy Shimmy Ya","Ol' Dirty Bastard",40,86,,spotify:track:3ABG1UQTk0eLYUAeWkmfMi
2,,"Sasha Mariana",missmara,2,"Leaving The Light","Genesis Owusu",68,86,,spotify:track:35nOLWeyoXbZvhcczCzQit
2,,"Sasha Mariana",mmariani13,1,"2000 Light Years Away","Green Day",51,83,,spotify:track:6pM25DLzJb5oWj74d3ElXI
2,,"Sasha Mariana",mmariani13,3,"River Of Deceit","Mad Season",46,23,,spotify:track:3e2fDgC93LGc9Lbdvr6I9k
2,,"Sasha Mariana",mmariani13,5,"Frances Farmer Will Have Her Revenge On Seattle",Nirvana,29,52,,spotify:track:06B04lID9HGPwPWwBkTQfU
2,,"Sasha Mariana",mmariani13,1,"Star Spangled Banner - Live at The Woodstock Music & Art Fair, August 18, 1969","Jimi Hendrix",69,100,,spotify:track:5nJ9WqiiVz9Rz6a2xLhHlZ
2,,"Sasha Mariana",mmariani13,5,"Gold Digger","Kanye West, Jamie Foxx",7,41,Hip-Hop,spotify:track:1PS1QMdUqOal0ai3Gt7sDQ
2,,"Sasha Mariana",mmariani13,4,Hallelujah,"Jeff Buckley",12,25,beautiful,spotify:track:3pRaLNL3b8x5uBOcsgvdqM
2,,"Sasha Mariana",mmariani13,4,"Let's Go Crazy",Prince,42,43,,spotify:track:6FMIVQPZg9cmMY8hPxAacD
2,,"Sasha Mariana",mmariani13,1,Bullion,Millencolin,63,56,,spotify:track:5HYdtUpSLQHXfrCGlK5nPu
2,,gregamariani,Kristin,1,"I'll Be There for You - Theme From ""Friends""","The Rembrandts",60,64,,spotify:track:15tHagkk8z306XkyOHqiip
2,,gregamariani,Kristin,4,"Hunger Strike","Temple Of The Dog",32,68,Grunge,spotify:track:0W7AbEauB7cP4pidLclApe
2,,gregamariani,Kristin,3,"Empire State Of Mind","JAŸ-Z, Alicia Keys",90,47,,spotify:track:2igwFfvr1OAGX9SKDCPBwO
2,,gregamariani,Kristin,1,Barracuda,Heart,21,32,"classic rock",spotify:track:4KfSdst7rW39C0sfhArdrz
2,,gregamariani,Kristin,1,"Waiting for Tonight","Jennifer Lopez",44,16,,spotify:track:5yaCquc7koPqtgj7v0lwHX
2,,gregamariani,Kristin,5,"Crazy Train","Ozzy Osbourne",14,69,"heavy metal",spotify:track:7ACxUo21jtTHzy7ZEV56vU
2,,gregamariani,Mashew,2,"Hockey Monkey","The Zambonis, James Kochalka",100,41,,spotify:track:2lkQ0RO3LVX2L4g4wz5fSO
2,,gregamariani,Mashew,3,"I'm Shipping Up To Boston","Dropkick Murphys",26,72,,spotify:track:7rSERmjAT38lC5QhJ8hnQc
2,,gregamariani,Mashew,2,"Vasoline - 2019 Remaster","Stone Temple Pilots",46,63,,spotify:track:4fjsOdrWMaKf70x21h5XbX
2,,gregamariani,Mashew,5,Undertale,"Toby Fox",49,47,,spotify:track:2FZ99j224ohiGLavqjijza
2,,gregamariani,Mashew,5,"Bidi Bidi Bom Bom",Selena,56,97,,spotify:track:0o9Vr0BGIQPh32staLHcuU
2,,gregamariani,Ronm,4,"Going to California - Remaster","Led Zeppelin",31,26,,spotify:track:70gbuMqwNBE2Y5rkQJE9By
2,,gregamariani,Ronm,2,"Funk #49","James Gang",59,34,,spotify:track:5h6SovHOYpIMlAkafxcbq3
2,,gregamariani,Ronm,1,"Me and Bobby McGee","Janis Joplin",34,37,,spotify:track:1IqFh00G2kvvMm8pRMpehA
2,,gregamariani,Ronm,4,"Smoke on the Water","Deep Purple",23,61,,spotify:track:5SAUIWdZ04OxYfJFDchC7S
2,,gregamariani,Ronm,3,Jessica,"Allman Brothers Band",53,34,,spotify:track:2tVQhBSJ1SQtb4gX0taaiR
2,,gregamariani,Ronm,1,"Angel Eyes","Tamara Walker",95,64,,spotify:track:1Tim3HlIUPKjpSePxxfTYB
2,,gregamariani,Ronm,3,Hurt,"Johnny Cash",9,47,country,spotify:track:28cnXtME493VX9NOw9cIUh
2,,gregamariani,Ronm,5,"Fortunate Son","Creedence Clearwater Revival",6,56,"classic rock",spotify:track:4BP3uh0hFLFRb5cjsgLqDh
2,,gregamariani,"Sasha Mariana",1,"Black Swan","Thom Yorke",29,83,,spotify:track:3R7bfoEKPkxaukeC3ZSn4o
2,,gregamariani,"Sasha Mariana",2,Africa,TOTO,6,53,80s,spotify:track:2374M0fQpWi3dLnB54qaLX
2,,gregamariani,"Sasha Mariana",2,"Lost Woods (From ""Legend of Zelda: Ocarina of Time"")","Koji Kondo, OST Remastered",97,31,,spotify:track:7qQlZvDKyqZKsjLdiezLju
2,,gregamariani,"Sasha Mariana",1,"Jenny from the Block (feat. Jadakiss & Styles P.) - Track Masters Remix","Jennifer Lopez, Jadakiss, Styles P",87,43,,spotify:track:4ZOyH6KjomjlqCz3oFqglr
2,,gregamariani,"Sasha Mariana",3,"I Will Survive",CAKE,35,46,,spotify:track:4THrHKyBL0yaDDw9yg37Zk
2,,gregamariani,"Sasha Mariana",2,Just,Radiohead,3,24,alternative,spotify:track:1dyTcli07c77mtQK3ahUZR
2,,gregamariani,"Sasha Mariana",5,"Enter Sandman (Remastered)",Metallica,6,53,,spotify:track:3VqHuw0wFlIHcIPWkhIbdQ
2,,gregamariani,jellydru,1,"Great at Crime","OR3O, The Musical Ghost",98,44,,spotify:track:1vkgVKTsovqLrC4ZHREqXh
2,,gregamariani,jellydru,5,"(Don't Fear) The Reaper","Blue Öyster Cult",13,47,"classic rock",spotify:track:5QTxFnGygVM4jFQiBovmRo
2,,gregamariani,lorimariani,2,"Don't Stop Believin'",Journey,11,66,"classic rock",spotify:track:77NNZQSqzLNqh2A9JhLRkg
2,,gregamariani,lorimariani,3,"1979 - Remastered 2012","The Smashing Pumpkins",7,52,,spotify:track:5QLHGv0DfpeXLNFo7SFEy1
2,,gregamariani,lorimariani,2,Everlong,"Foo Fighters",1,81,rock,spotify:track:5UWwZ5lm5PKu6eKsHAGxOk
2,,gregamariani,lorimariani,5,"California Love - Original Version","2Pac, Roger, Dr. Dre",80,79,,spotify:track:3ia3dJETSOllPsv3LJkE35
2,,gregamariani,lorimariani,3,"Free Bird","Lynyrd Skynyrd",12,62,"classic rock",spotify:track:5EWPGh7jbTNO2wakv8LjUI
2,,gregamariani,lorimariani,4,"Breezin'","George Benson",56,47,,spotify:track:1m3BAsNsQAaSNMD2M6vlKY
2,,gregamariani,lorimariani,2,"Love Don't Cost a Thing","Jennifer Lopez",44,34,,spotify:track:1fgvJXlcZ7uIddMpqsqw0L
2,,gregamariani,lorimariani,2,"Killing Me Softly with His Song","Fugees, Ms. Lauryn Hill",79,32,,spotify:track:0EKow7JeCxHtweqQyVy5ko
2,,gregamariani,lorimariani,4,"Lose Yourself",Eminem,10,36,rap,spotify:track:5Z01UMMf7V1o0MzF86s6WJ
2,,gregamariani,margs,5,"Running Up That Hill (A Deal With God)","Kate Bush",5,42,80s,spotify:track:1PtQJZVZIdWIYdARpZRDFO
2,,gregamariani,margs,4,22,"Taylor Swift",19,32,pop,spotify:track:3bIxTsfeNMO7Nt2J3EUKrA
2,,gregamariani,margs,4,"Dark Blue","Jack's Mannequin",40,52,,spotify:track:2XFOuxF5xUZ00RaVfaIdw2
2,,gregamariani,margs,2,"Sweet Child O' Mine","Guns N' Roses",4,25,rock,spotify:track:7snQQk1zcKl8gZ92AnueZW
2,,gregamariani,margs,3,"Theme From Jurassic Park","John Williams",58,16,,spotify:track:2TZbQZXOuR8osP2AK8yYMN
2,,gregamariani,margs,2,"I'm Real (feat. Ja Rule) - Murder Remix","Jennifer Lopez, Ja Rule",92,58,,spotify:track:6MLsahMK3VvH9NUwXOktdS
2,,gregamariani,margs,5,"Piano Man","Billy Joel",10,31,"classic rock",spotify:track:70C4NyhjD5OZUMzvWZ3njJ
2,,gregamariani,margs,2,"Yeah! (feat. Lil Jon & Ludacris)","USHER, Lil Jon, Ludacris",78,59,,spotify:track:5rb9QrpfcKFHM1EUbSIurX
2,,gregamariani,missmara,1,"Rebel Gene","Thomas Mudrick",93,59,,spotify:track:0coiC3yiiQVSqbGBNzNgkr
2,,gregamariani,missmara,4,"Song 2 - 2012 Remaster",Blur,10,62,rock,spotify:track:1FTSo4v6BOZH9QxKc3MbVM
2,,gregamariani,missmara,3,"Osaka Loop Line",Discovery,57,88,,spotify:track:5FhR3iMNhjkDDJYvS6e2wP
2,,gregamariani,missmara,2,Criminal,"Fiona Apple",19,72,"female vocalists",spotify:track:6PNvv1dmDbOWrAYwEcuKBX
2,,gregamariani,missmara,6,"Lake Of Fire - Live",Nirvana,31,36,,spotify:track:4UJmPSJsBsIR1U0N79BU1g
2,,gregamariani,mmariani13,1,"Hide and Seek","Imogen Heap",14,35,,spotify:track:2Ac0Zn3FYbXjdjEsIpWThz
2,,gregamariani,mmariani13,4,"2000 Light Years Away","Green Day",51,83,,spotify:track:6pM25DLzJb5oWj74d3ElXI
2,,gregamariani,mmariani13,3,"River Of Deceit","Mad Season",46,23,,spotify:track:3e2fDgC93LGc9Lbdvr6I9k
2,,gregamariani,mmariani13,3,"Frances Farmer Will Have Her Revenge On Seattle",Nirvana,29,52,,spotify:track:06B04lID9HGPwPWwBkTQfU
2,,gregamariani,mmariani13,3,"Gold Digger","Kanye West, Jamie Foxx",7,41,Hip-Hop,spotify:track:1PS1QMdUqOal0ai3Gt7sDQ
2,,gregamariani,mmariani13,3,Hallelujah,"Jeff Buckley",12,25,beautiful,spotify:track:3pRaLNL3b8x5uBOcsgvdqM
2,,gregamariani,mmariani13,6,Bullion,Millencolin,63,56,,spotify:track:5HYdtUpSLQHXfrCGlK5nPu
2,,jellydru,Kristin,1,"867-5309 / Jenny","Tommy Tutone",57,42,,spotify:track:6iX1f3r7oUJnMbGgQ2gx1j
2,,jellydru,Kristin,1,"Empire State Of Mind","JAŸ-Z, Alicia Keys",90,47,,spotify:track:2igwFfvr1OAGX9SKDCPBwO
2,,jellydru,Kristin,3,"The Pink Panther Theme - From ""The Pink Panther""","Henry Mancini, Plas Johnson",97,45,,spotify:track:0juPSJLFnLFim7BK6VzTes
2,,jellydru,Mashew,2,"Hockey Monkey","The Zambonis, James Kochalka",100,41,,spotify:track:2lkQ0RO3LVX2L4g4wz5fSO
2,,jellydru,Mashew,2,"I'm Shipping Up To Boston","Dropkick Murphys",26,72,,spotify:track:7rSERmjAT38lC5QhJ8hnQc
2,,jellydru,Mashew,3,Undertale,"Toby Fox",49,47,,spotify:track:2FZ99j224ohiGLavqjijza
2,,jellydru,Ronm,1,"Going to California - Remaster","Led Zeppelin",31,26,,spotify:track:70gbuMqwNBE2Y5rkQJE9By
2,,jellydru,Ronm,3,"Me and Bobby McGee","Janis Joplin",34,37,,spotify:track:1IqFh00G2kvvMm8pRMpehA
2,,jellydru,Ronm,1,Jessica,"Allman Brothers Band",53,34,,spotify:track:2tVQhBSJ1SQtb4gX0taaiR
2,,jellydru,"Sasha Mariana",5,"Ain't Got Rhythm","Phineas, Sherman",94,35,,spotify:track:41vXrvl9HIfUpijbIgi5R6
2,,jellydru,"Sasha Mariana",3,505,"Arctic Monkeys",0,75,"indie rock",spotify:track:58ge6dfP91o9oXMzq3XkIS
2,,jellydru,"Sasha Mariana",4,Africa,TOTO,6,53,80s,spotify:track:2374M0fQpWi3dLnB54qaLX
2,,jellydru,"Sasha Mariana",3,"Lost Woods (From ""Legend of Zelda: Ocarina of Time"")","Koji Kondo, OST Remastered",97,31,,spotify:track:7qQlZvDKyqZKsjLdiezLju
2,,jellydru,gregamariani,1,"With A Little Help From My Friends - Remastered 2009","The Beatles",31,42,,spotify:track:2RnPATK99oGOZygnD2GTO6
2,,jellydru,gregamariani,7,"99 Luftballons",Nena,22,21,80s,spotify:track:2IJftBfq7pJ43tfnOR0RB3
2,,jellydru,gregamariani,2,"Beverly Hills",Weezer,21,70,"alternative rock",spotify:track:1yKu2MhpwzDXXH2tzG6xoa
2,,jellydru,gregamariani,1,"Linus And Lucy","Vince Guaraldi Trio",47,16,,spotify:track:5N96qwzTDhbf2y6FWAVz4c
2,,jellydru,lorimariani,4,"Don't Stop Believin'",Journey,11,66,"classic rock",spotify:track:77NNZQSqzLNqh2A9JhLRkg
2,,jellydru,lorimariani,3,"1979 - Remastered 2012","The Smashing Pumpkins",7,52,,spotify:track:5QLHGv0DfpeXLNFo7SFEy1
2,,jellydru,lorimariani,1,"California Love - Original Version","2Pac, Roger, Dr. Dre",80,79,,spotify:track:3ia3dJETSOllPsv3LJkE35
2,,jellydru,lorimariani,3,"Breezin'","George Benson",56,47,,spotify:track:1m3BAsNsQAaSNMD2M6vlKY
2,,jellydru,margs,1,"Running Up That Hill (A Deal With God)","Kate Bush",5,42,80s,spotify:track:1PtQJZVZIdWIYdARpZRDFO
2,,jellydru,margs,1,22,"Taylor Swift",19,32,pop,spotify:track:3bIxTsfeNMO7Nt2J3EUKrA
2,,jellydru,margs,2,Vienna,"Billy Joel",6,38,"classic rock",spotify:track:4U45aEWtQhrm8A5mxPaFZ7
2,,jellydru,missmara,2,"Rebel Gene","Thomas Mudrick",93,59,,spotify:track:0coiC3yiiQVSqbGBNzNgkr
2,,jellydru,missmara,1,"Song 2 - 2012 Remaster",Blur,10,62,rock,spotify:track:1FTSo4v6BOZH9QxKc3MbVM
2,,jellydru,missmara,2,Cayucos,Cayucas,67,46,,spotify:track:5VUe6B0429dz4a4yysYZS1
2,,jellydru,missmara,3,"BATTLE WITHOUT HONOR OR HUMANITY",HOTEI,66,90,,spotify:track:0PH3OkM1QnIyb44VhFVbca
2,,jellydru,mmariani13,1,"Hide and Seek","Imogen Heap",14,35,,spotify:track:2Ac0Zn3FYbXjdjEsIpWThz
2,,jellydru,mmariani13,1,"2000 Light Years Away","Green Day",51,83,,spotify:track:6pM25DLzJb5oWj74d3ElXI
2,,lorimariani,Kristin,1,"I'll Be There for You - Theme From ""Friends""","The Rembrandts",60,64,,spotify:track:15tHagkk8z306XkyOHqiip
2,,lorimariani,Kristin,0,"867-5309 / Jenny","Tommy Tutone",57,42,,spotify:track:6iX1f3r7oUJnMbGgQ2gx1j
2,,lorimariani,Kristin,1,"Hunger Strike","Temple Of The Dog",32,68,Grunge,spotify:track:0W7AbEauB7cP4pidLclApe
2,,lorimariani,Kristin,2,Barracuda,Heart,21,32,"classic rock",spotify:track:4KfSdst7rW39C0sfhArdrz
2,,lorimariani,Kristin,1,"The Pink Panther Theme - From ""The Pink Panther""","Henry Mancini, Plas Johnson",97,45,,spotify:track:0juPSJLFnLFim7BK6VzTes
2,,lorimariani,Kristin,1,"Waiting for Tonight","Jennifer Lopez",44,16,,spotify:track:5yaCquc7koPqtgj7v0lwHX
2,,lorimariani,Kristin,3,"Crazy Train","Ozzy Osbourne",14,69,"heavy metal",spotify:track:7ACxUo21jtTHzy7ZEV56vU
2,,lorimariani,Kristin,1,Firestarter,"The Prodigy",26,19,electronic,spotify:track:1auX4gkGe7hbrOH0BXdpV4
2,,lorimariani,Mashew,1,"Sweet Avenue","Jets To Brazil",63,60,,spotify:track:5MtYwSungnCDRopSOVlzFh
2,,lorimariani,Mashew,1,"Vasoline - 2019 Remaster","Stone Temple Pilots",46,63,,spotify:track:4fjsOdrWMaKf70x21h5XbX
2,,lorimariani,Mashew,1,Undertale,"Toby Fox",49,47,,spotify:track:2FZ99j224ohiGLavqjijza
2,,lorimariani,Mashew,3,"Bidi Bidi Bom Bom",Selena,56,97,,spotify:track:0o9Vr0BGIQPh32staLHcuU
2,,lorimariani,Mashew,2,"Feel the Pain","Dinosaur Jr.",42,25,,spotify:track:6xUMt58RCX98m7g0KcMwAS
2,,lorimariani,Mashew,1,Chanbara,"At the Drive-In",60,54,,spotify:track:5Gh7uZTnZx3bpCyGaY7wpt
2,,lorimariani,Ronm,7,"Going to California - Remaster","Led Zeppelin",31,26,,spotify:track:70gbuMqwNBE2Y5rkQJE9By
2,,lorimariani,Ronm,5,"Funk #49","James Gang",59,34,,spotify:track:5h6SovHOYpIMlAkafxcbq3
2,,lorimariani,Ronm,6,"End Of The Line","Traveling Wilburys",49,64,,spotify:track:4HA2jo7wkMdN1lmLO6ryzE
2,,lorimariani,Ronm,3,"Me and Bobby McGee","Janis Joplin",34,37,,spotify:track:1IqFh00G2kvvMm8pRMpehA
2,,lorimariani,Ronm,5,"Smoke on the Water","Deep Purple",23,61,,spotify:track:5SAUIWdZ04OxYfJFDchC7S
2,,lorimariani,Ronm,4,Jessica,"Allman Brothers Band",53,34,,spotify:track:2tVQhBSJ1SQtb4gX0taaiR
2,,lorimariani,Ronm,4,"Angel Eyes","Tamara Walker",95,64,,spotify:track:1Tim3HlIUPKjpSePxxfTYB
2,,lorimariani,Ronm,5,Hurt,"Johnny Cash",9,47,country,spotify:track:28cnXtME493VX9NOw9cIUh
2,,lorimariani,Ronm,3,"Fortunate Son","Creedence Clearwater Revival",6,56,"classic rock",spotify:track:4BP3uh0hFLFRb5cjsgLqDh
2,,lorimariani,Ronm,3,"30 Days In The Hole","Humble Pie",70,100,,spotify:track:3KG03fcha5gJBLyze9919W
2,,lorimariani,"Sasha Mariana",2,"Ain't Got Rhythm","Phineas, Sherman",94,35,,spotify:track:41vXrvl9HIfUpijbIgi5R6
2,,lorimariani,"Sasha Mariana",2,"Black Swan","Thom Yorke",29,83,,spotify:track:3R7bfoEKPkxaukeC3ZSn4o
2,,lorimariani,"Sasha Mariana",3,Africa,TOTO,6,53,80s,spotify:track:2374M0fQpWi3dLnB54qaLX
2,,lorimariani,"Sasha Mariana",1,"Smells Like Teen Spirit",Nirvana,1,68,Grunge,spotify:track:5ghIJDpPoe3CfHMGu71E6T
2,,lorimariani,"Sasha Mariana",3,"Lost Woods (From ""Legend of Zelda: Ocarina of Time"")","Koji Kondo, OST Remastered",97,31,,spotify:track:7qQlZvDKyqZKsjLdiezLju
2,,lorimariani,"Sasha Mariana",2,"Jenny from the Block (feat. Jadakiss & Styles P.) - Track Masters Remix","Jennifer Lopez, Jadakiss, Styles P",87,43,,spotify:track:4ZOyH6KjomjlqCz3oFqglr
2,,lorimariani,"Sasha Mariana",3,"I Will Survive",CAKE,35,46,,spotify:track:4THrHKyBL0yaDDw9yg37Zk
2,,lorimariani,"Sasha Mariana",2,"Enter Sandman (Remastered)",Metallica,6,53,,spotify:track:3VqHuw0wFlIHcIPWkhIbdQ
2,,lorimariani,gregamariani,0,"With A Little Help From My Friends - Remastered 2009","The Beatles",31,42,,spotify:track:2RnPATK99oGOZygnD2GTO6
2,,lorimariani,gregamariani,1,"99 Luftballons",Nena,22,21,80s,spotify:track:2IJftBfq7pJ43tfnOR0RB3
2,,lorimariani,gregamariani,2,"Beverly Hills",Weezer,21,70,"alternative rock",spotify:track:1yKu2MhpwzDXXH2tzG6xoa
2,,lorimariani,gregamariani,1,"Knights of Cydonia",Muse,8,55,"alternative rock",spotify:track:7ouMYWpwJ422jRcDASZB7P
2,,lorimariani,gregamariani,3,"Linus And Lucy","Vince Guaraldi Trio",47,16,,spotify:track:5N96qwzTDhbf2y6FWAVz4c
2,,lorimariani,gregamariani,1,"Sway - From ""Shall We Dance""","Movie Sounds Unlimited",96,43,,spotify:track:7ipoen14ur2ThMyvYyPjWz
2,,lorimariani,gregamariani,3,"Amish Paradise (Parody of ""Gangsta's Paradise"" by Coolio)","""Weird Al"" Yankovic",61,51,,spotify:track:5r96TaQquRrlo3Ym3ZlSL2
2,,lorimariani,gregamariani,2,"Can't Stop","Red Hot Chili Peppers",3,46,rock,spotify:track:4BcS4LomxUnQpzx4hCaJTs
2,,lorimariani,gregamariani,4,Mother,Danzig,23,39,"hard rock",spotify:track:7txxAtOMwLLnQTpKeBL6bp
2,,lorimariani,jellydru,2,"Great at Crime","OR3O, The Musical Ghost",98,44,,spotify:track:1vkgVKTsovqLrC4ZHREqXh
2,,lorimariani,jellydru,3,"2econd-2ight-2eer (that was fun, goodbye.)","Will Wood",41,61,,spotify:track:4TscdmeSTKo5FOP8ZS6zP1
2,,lorimariani,jellydru,3,"Naked In Manhattan","Chappell Roan",9,77,pop,spotify:track:3y4W93JOKprkNgdnTaDvTF
2,,lorimariani,jellydru,2,"(Don't Fear) The Reaper","Blue Öyster Cult",13,47,"classic rock",spotify:track:5QTxFnGygVM4jFQiBovmRo
2,,lorimariani,jellydru,2,Twinklestar,"Snail's House",80,72,,spotify:track:7lXPGJoT9sPDvlSur02LiE
2,,lorimariani,jellydru,1,"Pinned My Dreams On A Shooting Star",Worthikids,79,100,,spotify:track:7JnawDlUpjOYhxnZcUdGZ7
2,,lorimariani,margs,3,"Running Up That Hill (A Deal With God)","Kate Bush",5,42,80s,spotify:track:1PtQJZVZIdWIYdARpZRDFO
2,,lorimariani,margs,3,22,"Taylor Swift",19,32,pop,spotify:track:3bIxTsfeNMO7Nt2J3EUKrA
2,,lorimariani,margs,3,"Dark Blue","Jack's Mannequin",40,52,,spotify:track:2XFOuxF5xUZ00RaVfaIdw2
2,,lorimariani,margs,3,Vienna,"Billy Joel",6,38,"classic rock",spotify:track:4U45aEWtQhrm8A5mxPaFZ7
2,,lorimariani,margs,2,"Sweet Child O' Mine","Guns N' Roses",4,25,rock,spotify:track:7snQQk1zcKl8gZ92AnueZW
2,,lorimariani,margs,2,"Theme From Jurassic Park","John Williams",58,16,,spotify:track:2TZbQZXOuR8osP2AK8yYMN
2,,lorimariani,margs,3,"I'm Real (feat. Ja Rule) - Murder Remix","Jennifer Lopez, Ja Rule",92,58,,spotify:track:6MLsahMK3VvH9NUwXOktdS
2,,lorimariani,margs,6,"I Wanna Dance With Somebody (Live)","Ben Rector",92,39,,spotify:track:6JuPPW11wSDBELUZ9CSHu1
2,,lorimariani,margs,2,"Piano Man","Billy Joel",10,31,"classic rock",spotify:track:70C4NyhjD5OZUMzvWZ3njJ
2,,lorimariani,margs,3,"Yeah! (feat. Lil Jon & Ludacris)","USHER, Lil Jon, Ludacris",78,59,,spotify:track:5rb9QrpfcKFHM1EUbSIurX
2,,lorimariani,missmara,2,"Rebel Gene","Thomas Mudrick",93,59,,spotify:track:0coiC3yiiQVSqbGBNzNgkr
2,,lorimariani,missmara,2,"Song 2 - 2012 Remaster",Blur,10,62,rock,spotify:track:1FTSo4v6BOZH9QxKc3MbVM
2,,lorimariani,missmara,2,"Osaka Loop Line",Discovery,57,88,,spotify:track:5FhR3iMNhjkDDJYvS6e2wP
2,,lorimariani,missmara,3,Cayucos,Cayucas,67,46,,spotify:track:5VUe6B0429dz4a4yysYZS1
2,,lorimariani,missmara,2,"Come Out and Play","The Offspring",25,78,"punk rock",spotify:track:5JJDu0Z5DKe7mR31MGksSg
2,,lorimariani,missmara,1,"BATTLE WITHOUT HONOR OR HUMANITY",HOTEI,66,90,,spotify:track:0PH3OkM1QnIyb44VhFVbca
2,,lorimariani,missmara,1,Criminal,"Fiona Apple",19,72,"female vocalists",spotify:track:6PNvv1dmDbOWrAYwEcuKBX
2,,lorimariani,missmara,2,"Shimmy Shimmy Ya","Ol' Dirty Bastard",40,86,,spotify:track:3ABG1UQTk0eLYUAeWkmfMi
2,,lorimariani,missmara,1,"Leaving The Light","Genesis Owusu",68,86,,spotify:track:35nOLWeyoXbZvhcczCzQit
2,,lorimariani,mmariani13,3,"2000 Light Years Away","Green Day",51,83,,spotify:track:6pM25DLzJb5oWj74d3ElXI
2,,lorimariani,mmariani13,2,"River Of Deceit","Mad Season",46,23,,spotify:track:3e2fDgC93LGc9Lbdvr6I9k
2,,lorimariani,mmariani13,1,"Chop Suey!","System Of A Down",1,51,"alternative metal",spotify:track:2DlHlPMa4M17kufBvI2lEN
2,,lorimariani,mmariani13,2,"Gold Digger","Kanye West, Jamie Foxx",7,41,Hip-Hop,spotify:track:1PS1QMdUqOal0ai3Gt7sDQ
2,,lorimariani,mmariani13,3,"Let's Go Crazy",Prince,42,43,,spotify:track:6FMIVQPZg9cmMY8hPxAacD
2,,lorimariani,mmariani13,1,Bullion,Millencolin,63,56,,spotify:track:5HYdtUpSLQHXfrCGlK5nPu
2,,margs,Kristin,3,"Hunger Strike","Temple Of The Dog",32,68,Grunge,spotify:track:0W7AbEauB7cP4pidLclApe
2,,margs,Kristin,1,"Empire State Of Mind","JAŸ-Z, Alicia Keys",90,47,,spotify:track:2igwFfvr1OAGX9SKDCPBwO
2,,margs,Kristin,1,Barracuda,Heart,21,32,"classic rock",spotify:track:4KfSdst7rW39C0sfhArdrz
2,,margs,Kristin,1,"The Pink Panther Theme - From ""The Pink Panther""","Henry Mancini, Plas Johnson",97,45,,spotify:track:0juPSJLFnLFim7BK6VzTes
2,,margs,Kristin,4,"Waiting for Tonight","Jennifer Lopez",44,16,,spotify:track:5yaCquc7koPqtgj7v0lwHX
2,,margs,Kristin,1,"Nothing Compares 2 U - Live At SiriusXM/2015","Chris Cornell",68,44,,spotify:track:0tUELgOuOJ3KCsYMDDsNvD
2,,margs,Kristin,4,"Crazy Train","Ozzy Osbourne",14,69,"heavy metal",spotify:track:7ACxUo21jtTHzy7ZEV56vU
2,,margs,Mashew,1,"Hockey Monkey","The Zambonis, James Kochalka",100,41,,spotify:track:2lkQ0RO3LVX2L4g4wz5fSO
2,,margs,Mashew,2,"Sweet Avenue","Jets To Brazil",63,60,,spotify:track:5MtYwSungnCDRopSOVlzFh
2,,margs,Mashew,2,"I'm Shipping Up To Boston","Dropkick Murphys",26,72,,spotify:track:7rSERmjAT38lC5QhJ8hnQc
2,,margs,Mashew,1,"Vasoline - 2019 Remaster","Stone Temple Pilots",46,63,,spotify:track:4fjsOdrWMaKf70x21h5XbX
2,,margs,Mashew,3,Undertale,"Toby Fox",49,47,,spotify:track:2FZ99j224ohiGLavqjijza
2,,margs,Mashew,5,"Bidi Bidi Bom Bom",Selena,56,97,,spotify:track:0o9Vr0BGIQPh32staLHcuU
2,,margs,Mashew,3,"Me and Julio Down by the Schoolyard","Me First and the Gimme Gimmes",81,74,,spotify:track:0KGr1YuoGsLL1mZV0DK8go
2,,margs,Mashew,2,"Feel the Pain","Dinosaur Jr.",42,25,,spotify:track:6xUMt58RCX98m7g0KcMwAS
2,,margs,Ronm,4,"Going to California - Remaster","Led Zeppelin",31,26,,spotify:track:70gbuMqwNBE2Y5rkQJE9By
2,,margs,Ronm,3,"Funk #49","James Gang",59,34,,spotify:track:5h6SovHOYpIMlAkafxcbq3
2,,margs,Ronm,2,"End Of The Line","Traveling Wilburys",49,64,,spotify:track:4HA2jo7wkMdN1lmLO6ryzE
2,,margs,Ronm,4,"Me and Bobby McGee","Janis Joplin",34,37,,spotify:track:1IqFh00G2kvvMm8pRMpehA
2,,margs,Ronm,1,"Smoke on the Water","Deep Purple",23,61,,spotify:track:5SAUIWdZ04OxYfJFDchC7S
2,,margs,Ronm,2,Jessica,"Allman Brothers Band",53,34,,spotify:track:2tVQhBSJ1SQtb4gX0taaiR
2,,margs,Ronm,2,Hurt,"Johnny Cash",9,47,country,spotify:track:28cnXtME493VX9NOw9cIUh
2,,margs,Ronm,5,"Fortunate Son","Creedence Clearwater Revival",6,56,"classic rock",spotify:track:4BP3uh0hFLFRb5cjsgLqDh
2,,margs,"Sasha Mariana",2,505,"Arctic Monkeys",0,75,"indie rock",spotify:track:58ge6dfP91o9oXMzq3XkIS
2,,margs,"Sasha Mariana",1,Africa,TOTO,6,53,80s,spotify:track:2374M0fQpWi3dLnB54qaLX
2,,margs,"Sasha Mariana",3,"Smells Like Teen Spirit",Nirvana,1,68,Grunge,spotify:track:5ghIJDpPoe3CfHMGu71E6T
2,,margs,"Sasha Mariana",4,"Lost Woods (From ""Legend of Zelda: Ocarina of Time"")","Koji Kondo, OST Remastered",97,31,,spotify:track:7qQlZvDKyqZKsjLdiezLju
2,,margs,"Sasha Mariana",4,"Jenny from the Block (feat. Jadakiss & Styles P.) - Track Masters Remix","Jennifer Lopez, Jadakiss, Styles P",87,43,,spotify:track:4ZOyH6KjomjlqCz3oFqglr
2,,margs,"Sasha Mariana",4,"I Will Survive",CAKE,35,46,,spotify:track:4THrHKyBL0yaDDw9yg37Zk
2,,margs,"Sasha Mariana",4,"Enter Sandman (Remastered)",Metallica,6,53,,spotify:track:3VqHuw0wFlIHcIPWkhIbdQ
2,,margs,gregamariani,5,"With A Little Help From My Friends - Remastered 2009","The Beatles",31,42,,spotify:track:2RnPATK99oGOZygnD2GTO6
2,,margs,gregamariani,1,"99 Luftballons",Nena,22,21,80s,spotify:track:2IJftBfq7pJ43tfnOR0RB3
2,,margs,gregamariani,4,"I Feel So","Box Car Racer",48,83,,spotify:track:1Igy3egsujfV4WphlW0B7K
2,,margs,gregamariani,3,"Beverly Hills",Weezer,21,70,"alternative rock",spotify:track:1yKu2MhpwzDXXH2tzG6xoa
2,,margs,gregamariani,3,"Linus And Lucy","Vince Guaraldi Trio",47,16,,spotify:track:5N96qwzTDhbf2y6FWAVz4c
2,,margs,gregamariani,3,"Can't Stop","Red Hot Chili Peppers",3,46,rock,spotify:track:4BcS4LomxUnQpzx4hCaJTs
2,,margs,gregamariani,3,Mother,Danzig,23,39,"hard rock",spotify:track:7txxAtOMwLLnQTpKeBL6bp
2,,margs,jellydru,2,"Great at Crime","OR3O, The Musical Ghost",98,44,,spotify:track:1vkgVKTsovqLrC4ZHREqXh
2,,margs,jellydru,1,"Naked In Manhattan","Chappell Roan",9,77,pop,spotify:track:3y4W93JOKprkNgdnTaDvTF
2,,margs,jellydru,3,"(Don't Fear) The Reaper","Blue Öyster Cult",13,47,"classic rock",spotify:track:5QTxFnGygVM4jFQiBovmRo
2,,margs,jellydru,2,"Pinned My Dreams On A Shooting Star",Worthikids,79,100,,spotify:track:7JnawDlUpjOYhxnZcUdGZ7
2,,margs,lorimariani,3,"Don't Stop Believin'",Journey,11,66,"classic rock",spotify:track:77NNZQSqzLNqh2A9JhLRkg
2,,margs,lorimariani,5,"1979 - Remastered 2012","The Smashing Pumpkins",7,52,,spotify:track:5QLHGv0DfpeXLNFo7SFEy1
2,,margs,lorimariani,3,Everlong,"Foo Fighters",1,81,rock,spotify:track:5UWwZ5lm5PKu6eKsHAGxOk
2,,margs,lorimariani,4,"California Love - Original Version","2Pac, Roger, Dr. Dre",80,79,,spotify:track:3ia3dJETSOllPsv3LJkE35
2,,margs,lorimariani,3,"Free Bird","Lynyrd Skynyrd",12,62,"classic rock",spotify:track:5EWPGh7jbTNO2wakv8LjUI
2,,margs,lorimariani,3,"Breezin'","George Benson",56,47,,spotify:track:1m3BAsNsQAaSNMD2M6vlKY
2,,margs,lorimariani,4,"Love Don't Cost a Thing","Jennifer Lopez",44,34,,spotify:track:1fgvJXlcZ7uIddMpqsqw0L
2,,margs,lorimariani,4,"Killing Me Softly with His Song","Fugees, Ms. Lauryn Hill",79,32,,spotify:track:0EKow7JeCxHtweqQyVy5ko
2,,margs,lorimariani,3,"Sweet Child O' Mine","Guns N' Roses",4,25,rock,spotify:track:7snQQk1zcKl8gZ92AnueZW
2,,margs,lorimariani,5,"Lose Yourself",Eminem,10,36,rap,spotify:track:5Z01UMMf7V1o0MzF86s6WJ
2,,margs,missmara,1,"Rebel Gene","Thomas Mudrick",93,59,,spotify:track:0coiC3yiiQVSqbGBNzNgkr
2,,margs,missmara,2,"Song 2 - 2012 Remaster",Blur,10,62,rock,spotify:track:1FTSo4v6BOZH9QxKc3MbVM
2,,margs,missmara,1,"Osaka Loop Line",Discovery,57,88,,spotify:track:5FhR3iMNhjkDDJYvS6e2wP
2,,margs,missmara,1,Cayucos,Cayucas,67,46,,spotify:track:5VUe6B0429dz4a4yysYZS1
2,,margs,missmara,4,"Come Out and Play","The Offspring",25,78,"punk rock",spotify:track:5JJDu0Z5DKe7mR31MGksSg
2,,margs,missmara,1,"BATTLE WITHOUT HONOR OR HUMANITY",HOTEI,66,90,,spotify:track:0PH3OkM1QnIyb44VhFVbca
2,,margs,mmariani13,1,"Hide and Seek","Imogen Heap",14,35,,spotify:track:2Ac0Zn3FYbXjdjEsIpWThz
2,,margs,mmariani13,4,"2000 Light Years Away","Green Day",51,83,,spotify:track:6pM25DLzJb5oWj74d3ElXI
2,,margs,mmariani13,2,"River Of Deceit","Mad Season",46,23,,spotify:track:3e2fDgC93LGc9Lbdvr6I9k
2,,margs,mmariani13,1,"Chop Suey!","System Of A Down",1,51,"alternative metal",spotify:track:2DlHlPMa4M17kufBvI2lEN
2,,margs,mmariani13,3,Hallelujah,"Jeff Buckley",12,25,beautiful,spotify:track:3pRaLNL3b8x5uBOcsgvdqM
2,,margs,mmariani13,3,Bullion,Millencolin,63,56,,spotify:track:5HYdtUpSLQHXfrCGlK5nPu
2,,missmara,Kristin,1,"867-5309 / Jenny","Tommy Tutone",57,42,,spotify:track:6iX1f3r7oUJnMbGgQ2gx1j
2,,missmara,Kristin,1,"Hunger Strike","Temple Of The Dog",32,68,Grunge,spotify:track:0W7AbEauB7cP4pidLclApe
2,,missmara,Kristin,2,"Empire State Of Mind","JAŸ-Z, Alicia Keys",90,47,,spotify:track:2igwFfvr1OAGX9SKDCPBwO
2,,missmara,Kristin,3,Barracuda,Heart,21,32,"classic rock",spotify:track:4KfSdst7rW39C0sfhArdrz
2,,missmara,Kristin,3,"The Pink Panther Theme - From ""The Pink Panther""","Henry Mancini, Plas Johnson",97,45,,spotify:track:0juPSJLFnLFim7BK6VzTes
2,,missmara,Kristin,1,"Waiting for Tonight","Jennifer Lopez",44,16,,spotify:track:5yaCquc7koPqtgj7v0lwHX
2,,missmara,Kristin,1,"Nothing Compares 2 U - Live At SiriusXM/2015","Chris Cornell",68,44,,spotify:track:0tUELgOuOJ3KCsYMDDsNvD
2,,missmara,Mashew,3,"Hockey Monkey","The Zambonis, James Kochalka",100,41,,spotify:track:2lkQ0RO3LVX2L4g4wz5fSO
2,,missmara,Mashew,5,"Solo Dolo Part II","Kid Cudi, Kendrick Lamar",92,82,,spotify:track:6IPZkjmCvqDY3RVCkRxr9r
2,,missmara,Mashew,5,"Sweet Avenue","Jets To Brazil",63,60,,spotify:track:5MtYwSungnCDRopSOVlzFh
2,,missmara,Mashew,5,"I'm Shipping Up To Boston","Dropkick Murphys",26,72,,spotify:track:7rSERmjAT38lC5QhJ8hnQc
2,,missmara,Mashew,2,"Vasoline - 2019 Remaster","Stone Temple Pilots",46,63,,spotify:track:4fjsOdrWMaKf70x21h5XbX
2,,missmara,Mashew,4,Undertale,"Toby Fox",49,47,,spotify:track:2FZ99j224ohiGLavqjijza
2,,missmara,Mashew,4,"Bidi Bidi Bom Bom",Selena,56,97,,spotify:track:0o9Vr0BGIQPh32staLHcuU
2,,missmara,Mashew,0,"Me and Julio Down by the Schoolyard","Me First and the Gimme Gimmes",81,74,,spotify:track:0KGr1YuoGsLL1mZV0DK8go
2,,missmara,Mashew,5,Chanbara,"At the Drive-In",60,54,,spotify:track:5Gh7uZTnZx3bpCyGaY7wpt
2,,missmara,Ronm,3,"Going to California - Remaster","Led Zeppelin",31,26,,spotify:track:70gbuMqwNBE2Y5rkQJE9By
2,,missmara,Ronm,1,"Funk #49","James Gang",59,34,,spotify:track:5h6SovHOYpIMlAkafxcbq3
2,,missmara,Ronm,1,"End Of The Line","Traveling Wilburys",49,64,,spotify:track:4HA2jo7wkMdN1lmLO6ryzE
2,,missmara,Ronm,1,Jessica,"Allman Brothers Band",53,34,,spotify:track:2tVQhBSJ1SQtb4gX0taaiR
2,,missmara,Ronm,1,"Angel Eyes","Tamara Walker",95,64,,spotify:track:1Tim3HlIUPKjpSePxxfTYB
2,,missmara,Ronm,3,Hurt,"Johnny Cash",9,47,country,spotify:track:28cnXtME493VX9NOw9cIUh
2,,missmara,"Sasha Mariana",1,"Ain't Got Rhythm","Phineas, Sherman",94,35,,spotify:track:41vXrvl9HIfUpijbIgi5R6
2,,missmara,"Sasha Mariana",3,505,"Arctic Monkeys",0,75,"indie rock",spotify:track:58ge6dfP91o9oXMzq3XkIS
2,,missmara,"Sasha Mariana",4,"Black Swan","Thom Yorke",29,83,,spotify:track:3R7bfoEKPkxaukeC3ZSn4o
2,,missmara,"Sasha Mariana",2,"Smells Like Teen Spirit",Nirvana,1,68,Grunge,spotify:track:5ghIJDpPoe3CfHMGu71E6T
2,,missmara,"Sasha Mariana",1,"Jenny from the Block (feat. Jadakiss & Styles P.) - Track Masters Remix","Jennifer Lopez, Jadakiss, Styles P",87,43,,spotify:track:4ZOyH6KjomjlqCz3oFqglr
2,,missmara,"Sasha Mariana",4,"I Will Survive",CAKE,35,46,,spotify:track:4THrHKyBL0yaDDw9yg37Zk
2,,missmara,"Sasha Mariana",2,"Enter Sandman (Remastered)",Metallica,6,53,,spotify:track:3VqHuw0wFlIHcIPWkhIbdQ
2,,missmara,gregamariani,2,"With A Little Help From My Friends - Remastered 2009","The Beatles",31,42,,spotify:track:2RnPATK99oGOZygnD2GTO6
2,,missmara,gregamariani,1,"99 Luftballons",Nena,22,21,80s,spotify:track:2IJftBfq7pJ43tfnOR0RB3
2,,missmara,gregamariani,2,"I Feel So","Box Car Racer",48,83,,spotify:track:1Igy3egsujfV4WphlW0B7K
2,,missmara,gregamariani,1,"Beverly Hills",Weezer,21,70,"alternative rock",spotify:track:1yKu2MhpwzDXXH2tzG6xoa
2,,missmara,gregamariani,3,"Knights of Cydonia",Muse,8,55,"alternative rock",spotify:track:7ouMYWpwJ422jRcDASZB7P
2,,missmara,gregamariani,1,"Sway - From ""Shall We Dance""","Movie Sounds Unlimited",96,43,,spotify:track:7ipoen14ur2ThMyvYyPjWz
2,,missmara,gregamariani,0,"Amish Paradise (Parody of ""Gangsta's Paradise"" by Coolio)","""Weird Al"" Yankovic",61,51,,spotify:track:5r96TaQquRrlo3Ym3ZlSL2
2,,missmara,gregamariani,1,Mother,Danzig,23,39,"hard rock",spotify:track:7txxAtOMwLLnQTpKeBL6bp
2,,missmara,jellydru,1,"Great at Crime","OR3O, The Musical Ghost",98,44,,spotify:track:1vkgVKTsovqLrC4ZHREqXh
2,,missmara,jellydru,0,"2econd-2ight-2eer (that was fun, goodbye.)","Will Wood",41,61,,spotify:track:4TscdmeSTKo5FOP8ZS6zP1
2,,missmara,jellydru,2,"Naked In Manhattan","Chappell Roan",9,77,pop,spotify:track:3y4W93JOKprkNgdnTaDvTF
2,,missmara,jellydru,1,"(Don't Fear) The Reaper","Blue Öyster Cult",13,47,"classic rock",spotify:track:5QTxFnGygVM4jFQiBovmRo
2,,missmara,jellydru,1,Twinklestar,"Snail's House",80,72,,spotify:track:7lXPGJoT9sPDvlSur02LiE
2,,missmara,jellydru,1,"Gimme! Gimme! Gimme! (A Man After Midnight)","Brian David Gilbert",76,53,,spotify:track:3JVd5QZkMVXN1oSjKYInAN
2,,missmara,lorimariani,2,"Don't Stop Believin'",Journey,11,66,"classic rock",spotify:track:77NNZQSqzLNqh2A9JhLRkg
2,,missmara,lorimariani,3,"1979 - Remastered 2012","The Smashing Pumpkins",7,52,,spotify:track:5QLHGv0DfpeXLNFo7SFEy1
2,,missmara,lorimariani,2,Everlong,"Foo Fighters",1,81,rock,spotify:track:5UWwZ5lm5PKu6eKsHAGxOk
2,,missmara,lorimariani,3,"California Love - Original Version","2Pac, Roger, Dr. Dre",80,79,,spotify:track:3ia3dJETSOllPsv3LJkE35
2,,missmara,lorimariani,2,"Free Bird","Lynyrd Skynyrd",12,62,"classic rock",spotify:track:5EWPGh7jbTNO2wakv8LjUI
2,,missmara,lorimariani,1,"Breezin'","George Benson",56,47,,spotify:track:1m3BAsNsQAaSNMD2M6vlKY
2,,missmara,lorimariani,1,"Love Don't Cost a Thing","Jennifer Lopez",44,34,,spotify:track:1fgvJXlcZ7uIddMpqsqw0L
2,,missmara,lorimariani,4,"Killing Me Softly with His Song","Fugees, Ms. Lauryn Hill",79,32,,spotify:track:0EKow7JeCxHtweqQyVy5ko
2,,missmara,lorimariani,2,"Lose Yourself",Eminem,10,36,rap,spotify:track:5Z01UMMf7V1o0MzF86s6WJ
2,,missmara,margs,1,"Running Up That Hill (A Deal With God)","Kate Bush",5,42,80s,spotify:track:1PtQJZVZIdWIYdARpZRDFO
2,,missmara,margs,1,"Dark Blue","Jack's Mannequin",40,52,,spotify:track:2XFOuxF5xUZ00RaVfaIdw2
2,,missmara,margs,1,"Sweet Child O' Mine","Guns N' Roses",4,25,rock,spotify:track:7snQQk1zcKl8gZ92AnueZW
2,,missmara,margs,3,"Theme From Jurassic Park","John Williams",58,16,,spotify:track:2TZbQZXOuR8osP2AK8yYMN
2,,missmara,margs,4,"I'm Real (feat. Ja Rule) - Murder Remix","Jennifer Lopez, Ja Rule",92,58,,spotify:track:6MLsahMK3VvH9NUwXOktdS
2,,missmara,margs,1,"I Wanna Dance With Somebody (Live)","Ben Rector",92,39,,spotify:track:6JuPPW11wSDBELUZ9CSHu1
2,,missmara,margs,2,"Yeah! (feat. Lil Jon & Ludacris)","USHER, Lil Jon, Ludacris",78,59,,spotify:track:5rb9QrpfcKFHM1EUbSIurX
2,,missmara,missmara,0,"Rebel Gene","Thomas Mudrick",93,59,,spotify:track:0coiC3yiiQVSqbGBNzNgkr
2,,missmara,missmara,0,"Song 2 - 2012 Remaster",Blur,10,62,rock,spotify:track:1FTSo4v6BOZH9QxKc3MbVM
2,,missmara,mmariani13,4,"Hide and Seek","Imogen Heap",14,35,,spotify:track:2Ac0Zn3FYbXjdjEsIpWThz
2,,missmara,mmariani13,3,"2000 Light Years Away","Green Day",51,83,,spotify:track:6pM25DLzJb5oWj74d3ElXI
2,,missmara,mmariani13,1,"River Of Deceit","Mad Season",46,23,,spotify:track:3e2fDgC93LGc9Lbdvr6I9k
2,,missmara,mmariani13,4,"Frances Farmer Will Have Her Revenge On Seattle",Nirvana,29,52,,spotify:track:06B04lID9HGPwPWwBkTQfU
2,,missmara,mmariani13,3,"Chop Suey!","System Of A Down",1,51,"alternative metal",spotify:track:2DlHlPMa4M17kufBvI2lEN
2,,missmara,mmariani13,4,"Star Spangled Banner - Live at The Woodstock Music & Art Fair, August 18, 1969","Jimi Hendrix",69,100,,spotify:track:5nJ9WqiiVz9Rz6a2xLhHlZ
2,,missmara,mmariani13,4,"Gold Digger","Kanye West, Jamie Foxx",7,41,Hip-Hop,spotify:track:1PS1QMdUqOal0ai3Gt7sDQ
2,,missmara,mmariani13,3,Hallelujah,"Jeff Buckley",12,25,beautiful,spotify:track:3pRaLNL3b8x5uBOcsgvdqM
2,,missmara,mmariani13,5,Bullion,Millencolin,63,56,,spotify:track:5HYdtUpSLQHXfrCGlK5nPu
2,,mmariani13,Kristin,0,"I'll Be There for You - Theme From ""Friends""","The Rembrandts",60,64,,spotify:track:15tHagkk8z306XkyOHqiip
2,,mmariani13,Kristin,2,"867-5309 / Jenny","Tommy Tutone",57,42,,spotify:track:6iX1f3r7oUJnMbGgQ2gx1j
2,,mmariani13,Kristin,4,"Hunger Strike","Temple Of The Dog",32,68,Grunge,spotify:track:0W7AbEauB7cP4pidLclApe
2,,mmariani13,Kristin,3,"Empire State Of Mind","JAŸ-Z, Alicia Keys",90,47,,spotify:track:2igwFfvr1OAGX9SKDCPBwO
2,,mmariani13,Kristin,2,Barracuda,Heart,21,32,"classic rock",spotify:track:4KfSdst7rW39C0sfhArdrz
2,,mmariani13,Kristin,1,"The Pink Panther Theme - From ""The Pink Panther""","Henry Mancini, Plas Johnson",97,45,,spotify:track:0juPSJLFnLFim7BK6VzTes
2,,mmariani13,Kristin,1,"Waiting for Tonight","Jennifer Lopez",44,16,,spotify:track:5yaCquc7koPqtgj7v0lwHX
2,,mmariani13,Kristin,4,"Nothing Compares 2 U - Live At SiriusXM/2015","Chris Cornell",68,44,,spotify:track:0tUELgOuOJ3KCsYMDDsNvD
2,,mmariani13,Kristin,3,"Crazy Train","Ozzy Osbourne",14,69,"heavy metal",spotify:track:7ACxUo21jtTHzy7ZEV56vU
2,,mmariani13,Mashew,1,"Hockey Monkey","The Zambonis, James Kochalka",100,41,,spotify:track:2lkQ0RO3LVX2L4g4wz5fSO
2,,mmariani13,Mashew,0,"Solo Dolo Part II","Kid Cudi, Kendrick Lamar",92,82,,spotify:track:6IPZkjmCvqDY3RVCkRxr9r
2,,mmariani13,Mashew,2,"Sweet Avenue","Jets To Brazil",63,60,,spotify:track:5MtYwSungnCDRopSOVlzFh
2,,mmariani13,Mashew,4,"I'm Shipping Up To Boston","Dropkick Murphys",26,72,,spotify:track:7rSERmjAT38lC5QhJ8hnQc
2,,mmariani13,Mashew,3,"Vasoline - 2019 Remaster","Stone Temple Pilots",46,63,,spotify:track:4fjsOdrWMaKf70x21h5XbX
2,,mmariani13,Mashew,2,Undertale,"Toby Fox",49,47,,spotify:track:2FZ99j224ohiGLavqjijza
2,,mmariani13,Mashew,2,"Bidi Bidi Bom Bom",Selena,56,97,,spotify:track:0o9Vr0BGIQPh32staLHcuU
2,,mmariani13,Mashew,1,"Feel the Pain","Dinosaur Jr.",42,25,,spotify:track:6xUMt58RCX98m7g0KcMwAS
2,,mmariani13,Mashew,2,Chanbara,"At the Drive-In",60,54,,spotify:track:5Gh7uZTnZx3bpCyGaY7wpt
2,,mmariani13,Ronm,5,"Going to California - Remaster","Led Zeppelin",31,26,,spotify:track:70gbuMqwNBE2Y5rkQJE9By
2,,mmariani13,Ronm,2,"Funk #49","James Gang",59,34,,spotify:track:5h6SovHOYpIMlAkafxcbq3
2,,mmariani13,Ronm,4,"End Of The Line","Traveling Wilburys",49,64,,spotify:track:4HA2jo7wkMdN1lmLO6ryzE
2,,mmariani13,Ronm,1,"Me and Bobby McGee","Janis Joplin",34,37,,spotify:track:1IqFh00G2kvvMm8pRMpehA
2,,mmariani13,Ronm,3,"Smoke on the Water","Deep Purple",23,61,,spotify:track:5SAUIWdZ04OxYfJFDchC7S
2,,mmariani13,Ronm,1,Jessica,"Allman Brothers Band",53,34,,spotify:track:2tVQhBSJ1SQtb4gX0taaiR
2,,mmariani13,Ronm,1,"Angel Eyes","Tamara Walker",95,64,,spotify:track:1Tim3HlIUPKjpSePxxfTYB
2,,mmariani13,Ronm,5,Hurt,"Johnny Cash",9,47,country,spotify:track:28cnXtME493VX9NOw9cIUh
2,,mmariani13,Ronm,3,"Fortunate Son","Creedence Clearwater Revival",6,56,"classic rock",spotify:track:4BP3uh0hFLFRb5cjsgLqDh
2,,mmariani13,"Sasha Mariana",2,"Ain't Got Rhythm","Phineas, Sherman",94,35,,spotify:track:41vXrvl9HIfUpijbIgi5R6
2,,mmariani13,"Sasha Mariana",3,505,"Arctic Monkeys",0,75,"indie rock",spotify:track:58ge6dfP91o9oXMzq3XkIS
2,,mmariani13,"Sasha Mariana",1,"Black Swan","Thom Yorke",29,83,,spotify:track:3R7bfoEKPkxaukeC3ZSn4o
2,,mmariani13,"Sasha Mariana",1,Africa,TOTO,6,53,80s,spotify:track:2374M0fQpWi3dLnB54qaLX
2,,mmariani13,"Sasha Mariana",2,"Smells Like Teen Spirit",Nirvana,1,68,Grunge,spotify:track:5ghIJDpPoe3CfHMGu71E6T
2,,mmariani13,"Sasha Mariana",4,"Lost Woods (From ""Legend of Zelda: Ocarina of Time"")","Koji Kondo, OST Remastered",97,31,,spotify:track:7qQlZvDKyqZKsjLdiezLju
2,,mmariani13,"Sasha Mariana",0,"Jenny from the Block (feat. Jadakiss & Styles P.) - Track Masters Remix","Jennifer Lopez, Jadakiss, Styles P",87,43,,spotify:track:4ZOyH6KjomjlqCz3oFqglr
2,,mmariani13,"Sasha Mariana",2,"I Will Survive",CAKE,35,46,,spotify:track:4THrHKyBL0yaDDw9yg37Zk
2,,mmariani13,"Sasha Mariana",1,Just,Radiohead,3,24,alternative,spotify:track:1dyTcli07c77mtQK3ahUZR
2,,mmariani13,"Sasha Mariana",1,"Enter Sandman (Remastered)",Metallica,6,53,,spotify:track:3VqHuw0wFlIHcIPWkhIbdQ
2,,mmariani13,gregamariani,2,"With A Little Help From My Friends - Remastered 2009","The Beatles",31,42,,spotify:track:2RnPATK99oGOZygnD2GTO6
2,,mmariani13,gregamariani,2,"99 Luftballons",Nena,22,21,80s,spotify:track:2IJftBfq7pJ43tfnOR0RB3
2,,mmariani13,gregamariani,1,"I Feel So","Box Car Racer",48,83,,spotify:track:1Igy3egsujfV4WphlW0B7K
2,,mmariani13,gregamariani,1,"Beverly Hills",Weezer,21,70,"alternative rock",spotify:track:1yKu2MhpwzDXXH2tzG6xoa
2,,mmariani13,gregamariani,1,"Knights of Cydonia",Muse,8,55,"alternative rock",spotify:track:7ouMYWpwJ422jRcDASZB7P
2,,mmariani13,gregamariani,1,"Linus And Lucy","Vince Guaraldi Trio",47,16,,spotify:track:5N96qwzTDhbf2y6FWAVz4c
2,,mmariani13,gregamariani,1,"Sway - From ""Shall We Dance""","Movie Sounds Unlimited",96,43,,spotify:track:7ipoen14ur2ThMyvYyPjWz
2,,mmariani13,gregamariani,3,"Can't Stop","Red Hot Chili Peppers",3,46,rock,spotify:track:4BcS4LomxUnQpzx4hCaJTs
2,,mmariani13,gregamariani,5,Mother,Danzig,23,39,"hard rock",spotify:track:7txxAtOMwLLnQTpKeBL6bp
2,,mmariani13,jellydru,2,"Great at Crime","OR3O, The Musical Ghost",98,44,,spotify:track:1vkgVKTsovqLrC4ZHREqXh
2,,mmariani13,jellydru,1,"2econd-2ight-2eer (that was fun, goodbye.)","Will Wood",41,61,,spotify:track:4TscdmeSTKo5FOP8ZS6zP1
2,,mmariani13,jellydru,1,"Naked In Manhattan","Chappell Roan",9,77,pop,spotify:track:3y4W93JOKprkNgdnTaDvTF
2,,mmariani13,jellydru,1,"(Don't Fear) The Reaper","Blue Öyster Cult",13,47,"classic rock",spotify:track:5QTxFnGygVM4jFQiBovmRo
2,,mmariani13,jellydru,2,Twinklestar,"Snail's House",80,72,,spotify:track:7lXPGJoT9sPDvlSur02LiE
2,,mmariani13,jellydru,1,"Gimme! Gimme! Gimme! (A Man After Midnight)","Brian David Gilbert",76,53,,spotify:track:3JVd5QZkMVXN1oSjKYInAN
2,,mmariani13,jellydru,1,"Pinned My Dreams On A Shooting Star",Worthikids,79,100,,spotify:track:7JnawDlUpjOYhxnZcUdGZ7
2,,mmariani13,lorimariani,0,"Don't Stop Believin'",Journey,11,66,"classic rock",spotify:track:77NNZQSqzLNqh2A9JhLRkg
2,,mmariani13,lorimariani,2,"1979 - Remastered 2012","The Smashing Pumpkins",7,52,,spotify:track:5QLHGv0DfpeXLNFo7SFEy1
2,,mmariani13,lorimariani,0,Everlong,"Foo Fighters",1,81,rock,spotify:track:5UWwZ5lm5PKu6eKsHAGxOk
2,,mmariani13,lorimariani,4,"California Love - Original Version","2Pac, Roger, Dr. Dre",80,79,,spotify:track:3ia3dJETSOllPsv3LJkE35
2,,mmariani13,lorimariani,1,"Free Bird","Lynyrd Skynyrd",12,62,"classic rock",spotify:track:5EWPGh7jbTNO2wakv8LjUI
2,,mmariani13,lorimariani,4,"Breezin'","George Benson",56,47,,spotify:track:1m3BAsNsQAaSNMD2M6vlKY
2,,mmariani13,lorimariani,3,"Love Don't Cost a Thing","Jennifer Lopez",44,34,,spotify:track:1fgvJXlcZ7uIddMpqsqw0L
2,,mmariani13,lorimariani,3,"Killing Me Softly with His Song","Fugees, Ms. Lauryn Hill",79,32,,spotify:track:0EKow7JeCxHtweqQyVy5ko
2,,mmariani13,lorimariani,1,"Sweet Child O' Mine","Guns N' Roses",4,25,rock,spotify:track:7snQQk1zcKl8gZ92AnueZW
2,,mmariani13,lorimariani,4,"Lose Yourself",Eminem,10,36,rap,spotify:track:5Z01UMMf7V1o0MzF86s6WJ
2,,mmariani13,margs,4,"Running Up That Hill (A Deal With God)","Kate Bush",5,42,80s,spotify:track:1PtQJZVZIdWIYdARpZRDFO
2,,mmariani13,margs,2,22,"Taylor Swift",19,32,pop,spotify:track:3bIxTsfeNMO7Nt2J3EUKrA
2,,mmariani13,margs,2,"Dark Blue","Jack's Mannequin",40,52,,spotify:track:2XFOuxF5xUZ00RaVfaIdw2
2,,mmariani13,margs,1,Vienna,"Billy Joel",6,38,"classic rock",spotify:track:4U45aEWtQhrm8A5mxPaFZ7
2,,mmariani13,margs,2,"Sweet Child O' Mine","Guns N' Roses",4,25,rock,spotify:track:7snQQk1zcKl8gZ92AnueZW
2,,mmariani13,margs,1,"Theme From Jurassic Park","John Williams",58,16,,spotify:track:2TZbQZXOuR8osP2AK8yYMN
2,,mmariani13,margs,3,"I'm Real (feat. Ja Rule) - Murder Remix","Jennifer Lopez, Ja Rule",92,58,,spotify:track:6MLsahMK3VvH9NUwXOktdS
2,,mmariani13,margs,1,"Piano Man","Billy Joel",10,31,"classic rock",spotify:track:70C4NyhjD5OZUMzvWZ3njJ
2,,mmariani13,margs,3,"Yeah! (feat. Lil Jon & Ludacris)","USHER, Lil Jon, Ludacris",78,59,,spotify:track:5rb9QrpfcKFHM1EUbSIurX
2,,mmariani13,missmara,1,"Rebel Gene","Thomas Mudrick",93,59,,spotify:track:0coiC3yiiQVSqbGBNzNgkr
2,,mmariani13,missmara,3,"Song 2 - 2012 Remaster",Blur,10,62,rock,spotify:track:1FTSo4v6BOZH9QxKc3MbVM
2,,mmariani13,missmara,3,"Osaka Loop Line",Discovery,57,88,,spotify:track:5FhR3iMNhjkDDJYvS6e2wP
2,,mmariani13,missmara,1,Cayucos,Cayucas,67,46,,spotify:track:5VUe6B0429dz4a4yysYZS1
2,,mmariani13,missmara,2,"Come Out and Play","The Offspring",25,78,"punk rock",spotify:track:5JJDu0Z5DKe7mR31MGksSg
2,,mmariani13,missmara,1,"BATTLE WITHOUT HONOR OR HUMANITY",HOTEI,66,90,,spotify:track:0PH3OkM1QnIyb44VhFVbca
2,,mmariani13,missmara,6,Criminal,"Fiona Apple",19,72,"female vocalists",spotify:track:6PNvv1dmDbOWrAYwEcuKBX
2,,mmariani13,missmara,2,"Lake Of Fire - Live",Nirvana,31,36,,spotify:track:4UJmPSJsBsIR1U0N79BU1g
2,,mmariani13,missmara,4,"Shimmy Shimmy Ya","Ol' Dirty Bastard",40,86,,spotify:track:3ABG1UQTk0eLYUAeWkmfMi
2,,mmariani13,missmara,1,"Leaving The Light","Genesis Owusu",68,86,,spotify:track:35nOLWeyoXbZvhcczCzQit
3,,Kristin,Mashew,1,"I Have a Date - Originally Performed By The Simpletones","The Vandals",83,55,,spotify:track:2PEBsyLqTdWbsb5I6EpqMa
3,,Kristin,Mashew,2,"Fight For Your Right","Beastie Boys",32,40,,spotify:track:5NLuC70kZQv8q34QyQa1DP
3,,Kristin,Mashew,1,HUMBLE.,"Kendrick Lamar",2,86,rap,spotify:track:7KXjTSCq5nL1LoYtL7XAwS
3,,Kristin,Mashew,1,Cotton,"Vince Staples",75,97,,spotify:track:2Dh62ulfuwM2lOWPy4TLEb
3,,Kristin,Mashew,2,"Blues Clues","Second Best",97,7,,spotify:track:5OlQB1oPqxOhYLPBb18DaC
3,,Kristin,Mashew,1,"Creeping out Sara",NOFX,67,66,,spotify:track:2ocgKz53EV8Cv2inSCCgTd
3,,Kristin,Ronm,2,"(I Can't Get No) Satisfaction - Mono","The Rolling Stones",37,54,,spotify:track:2PzU4IB8Dr6mxV3lHuaG34
3,,Kristin,Ronm,2,"Let's Stay Together","Al Green",17,52,soul,spotify:track:63xdwScd1Ai1GigAwQxE8y
3,,Kristin,Ronm,1,"The Logical Song",Supertramp,38,77,,spotify:track:2IOeOJyiuzwF8BRAK9jJyj
3,,Kristin,Ronm,1,"Girl on Fire","Alicia Keys",35,69,,spotify:track:4esOae7i4rqTbAu9o5Pxco
3,,Kristin,Ronm,1,Tubthumping,Chumbawamba,30,61,90s,spotify:track:22HYEJveCvykVDHDiEEmjZ
3,,Kristin,Ronm,1,"To Leave Something Behind","Sean Rowe",79,54,,spotify:track:4ric198pxxaosqsNVHHroF
3,,Kristin,"Sasha Mariana",1,"Careless Whisper","George Michael",9,26,80s,spotify:track:5WDLRQ3VCdVrKw0njWe5E5
3,,Kristin,"Sasha Mariana",2,"In My Life - Remastered 2009","The Beatles",17,36,,spotify:track:3KfbEIOC7YIv90FIfNSZpo
3,,Kristin,"Sasha Mariana",1,"Don't Stand So Close To Me","The Police",32,33,,spotify:track:5veJDT0MLsLbhYsx42GXUD
3,,Kristin,"Sasha Mariana",2,Signs,"Snoop Dogg, Charlie Wilson, Justin Timberlake",89,52,,spotify:track:4HSAJpNocVNJbwbQvtCMdO
3,,Kristin,"Sasha Mariana",1,"Blame It on the Rain","Milli Vanilli",58,31,,spotify:track:0UUpyDCYzkziXJ1TM4awHM
3,,Kristin,"Sasha Mariana",1,"Cool Cat - Remastered 2011",Queen,37,43,,spotify:track:6Re2AwZUVlgBng04BZTauW
3,,Kristin,"Sasha Mariana",2,"El Paso","Marty Robbins",47,44,,spotify:track:4f8hBeMXMvssn6HtFAtblo
3,,Kristin,gregamariani,1,"Air Force Ones","Nelly, Murphy Lee, Ali, Kyjuan",93,56,,spotify:track:7kAFSrTIOiVZ0gnHBuAH3l
3,,Kristin,gregamariani,1,"The Joker","Steve Miller Band",26,34,"classic rock",spotify:track:1bp2IO61zbQrbWNmKKxg3f
3,,Kristin,gregamariani,1,"Teenage Dirtbag",Wheatus,9,16,rock,spotify:track:25FTMokYEbEWHEdss5JLZS
3,,Kristin,gregamariani,2,Sirius,"The Alan Parsons Project",49,25,"Progressive rock",spotify:track:0hSs4vOZo1OkRiAOoLafrT
3,,Kristin,gregamariani,3,Y.M.C.A.,"Village People",54,10,,spotify:track:4YOJFyjqh8eAcbKFfv88mV
3,,Kristin,gregamariani,1,"Eye of the Tiger",Survivor,13,38,80s,spotify:track:2HHtWyy5CgaQbC7XSoOb0e
3,,Kristin,gregamariani,2,"Lose Yourself",Eminem,10,36,rap,spotify:track:5Z01UMMf7V1o0MzF86s6WJ
3,,Kristin,lorimariani,2,"Goodbye Yellow Brick Road - Remastered 2014","Elton John",19,47,,spotify:track:4IRHwIZHzlHT1FQpRa5RdE
3,,Kristin,lorimariani,1,"Harvest Moon","Neil Young",20,21,"classic rock",spotify:track:5l9c6bJmzvftumhz4TMPgk
3,,Kristin,lorimariani,3,Jeremy,"Pearl Jam",15,75,Grunge,spotify:track:62nQ8UZVqR2RMvkJHkcO2o
3,,Kristin,lorimariani,2,Thunderstruck,AC/DC,11,66,"hard rock",spotify:track:57bgtoPSgt236HzfBOd8kj
3,,Kristin,lorimariani,2,"All The Small Things",blink-182,5,69,"punk rock",spotify:track:2m1hi0nfMR9vdGC8UcrnwU
3,,Kristin,lorimariani,2,"Wild Horses","The Rolling Stones",31,57,,spotify:track:4M4Q3JLsUbyTkd5WHty1WB
3,,Kristin,lorimariani,2,"Go Your Own Way - 2004 Remaster","Fleetwood Mac",16,66,,spotify:track:4xh7W7tlNMIczFhupCPniY
3,,Kristin,margs,1,"Wagon Wheel","Darius Rucker",38,27,country,spotify:track:3xdjjKMcMOFgo1eQrfbogM
3,,Kristin,margs,1,"Isn't She Lovely","Stevie Wonder",28,45,soul,spotify:track:3NlLmKBJozwoi0k03Feb1N
3,,Kristin,margs,1,"Ride Wit Me","Nelly, City Spud",85,57,,spotify:track:3Gf5nttwcX9aaSQXRWidEZ
3,,Kristin,margs,2,"Sir Duke","Stevie Wonder",22,46,soul,spotify:track:4pNiE4LCVV74vfIBaUHm1b
3,,Kristin,margs,1,"Pink Pony Club","Chappell Roan",3,56,pop,spotify:track:1k2pQc5i348DCHwbn5KTdc
3,,Kristin,margs,1,"Alexander Hamilton","Leslie Odom Jr., Daveed Diggs, Okieriete Onaodowan, Lin-Manuel Miranda, Phillipa Soo, Christopher Jackson, Original Broadway Cast of Hamilton",89,47,,spotify:track:4TTV7EcfroSLWzXRY6gLv6
3,,Kristin,missmara,2,"Total Eclipse of the Heart","Bonnie Tyler",17,32,80s,spotify:track:7wuJGgpTNzbUyn26IOY6rj
3,,Kristin,missmara,2,"Do I Wanna Know?","Arctic Monkeys",1,71,"indie rock",spotify:track:5FVd6KXrgO9B3JPmC8OPst
3,,Kristin,missmara,1,"Chaise Longue","Wet Leg",36,70,,spotify:track:0nys6GusuHnjSYLW0PYYb7
3,,Kristin,missmara,1,"Big Cat","Wild Beasts",73,17,,spotify:track:5IQQXe71ZEffQzl6Rzflbj
3,,Kristin,missmara,2,"Long Legged Larry","Aesop Rock",75,38,,spotify:track:0OX9lzZxKlbtn3c2d97uqz
3,,Kristin,missmara,1,"100% Endurance","Yard Act",66,50,,spotify:track:0jhDyfdBiRfMi3jh9z2S0U
3,,Kristin,mmariani13,1,"Second Hand News - 2004 Remaster","Fleetwood Mac",42,57,,spotify:track:4SZhxF0sIS8nDvwhT0Tt2V
3,,Kristin,mmariani13,2,"I Need Love","LL COOL J",67,34,,spotify:track:3g7zG6d1MLV5gVVdi1dg9F
3,,Kristin,mmariani13,2,"You Learn - 2015 Remaster","Alanis Morissette",43,56,,spotify:track:4l7YIni9bAiGwWMqK5wvgV
3,,Kristin,mmariani13,1,POWER,"Kanye West",4,35,Hip-Hop,spotify:track:2gZUPNdnz5Y45eiGxpHGSc
3,,Kristin,mmariani13,1,"Callin' Out","Lyrics Born, Joyo Velarde",99,87,,spotify:track:51shUQiX7SboW7URSuydwV
3,,Kristin,mmariani13,2,Dog,"The Bottle Rockets",94,60,,spotify:track:0Oe8gKILZ4wz3psKS8qrkj
3,,Kristin,mmariani13,1,"Come Dancing","The Kinks",62,33,,spotify:track:1M0J45ZSv6qNaBSbGCIcGV
3,,Mashew,Kristin,1,"Move Along","The All-American Rejects",18,87,rock,spotify:track:58HpsDKeYoLtNhXFQyQmz5
3,,Mashew,Kristin,3,"Still into You",Paramore,2,86,rock,spotify:track:3SXXFIZel1VQQ4ENiqozxi
3,,Mashew,Kristin,1,"Another Brick in the Wall, Pt. 2","Pink Floyd",18,10,"classic rock",spotify:track:4gMgiXfqyzZLMhsksGmbQV
3,,Mashew,Kristin,1,Kitty,"The Presidents Of The United States Of America",59,5,,spotify:track:33yN1Lc3tJLVXuHxnMkoDf
3,,Mashew,Ronm,1,"(I Can't Get No) Satisfaction - Mono","The Rolling Stones",37,54,,spotify:track:2PzU4IB8Dr6mxV3lHuaG34
3,,Mashew,Ronm,2,"Let's Stay Together","Al Green",17,52,soul,spotify:track:63xdwScd1Ai1GigAwQxE8y
3,,Mashew,Ronm,3,"Girl on Fire","Alicia Keys",35,69,,spotify:track:4esOae7i4rqTbAu9o5Pxco
3,,Mashew,"Sasha Mariana",1,"Careless Whisper","George Michael",9,26,80s,spotify:track:5WDLRQ3VCdVrKw0njWe5E5
3,,Mashew,"Sasha Mariana",2,"Cool Cat - Remastered 2011",Queen,37,43,,spotify:track:6Re2AwZUVlgBng04BZTauW
3,,Mashew,"Sasha Mariana",2,"El Paso","Marty Robbins",47,44,,spotify:track:4f8hBeMXMvssn6HtFAtblo
3,,Mashew,gregamariani,1,"Air Force Ones","Nelly, Murphy Lee, Ali, Kyjuan",93,56,,spotify:track:7kAFSrTIOiVZ0gnHBuAH3l
3,,Mashew,gregamariani,5,"Teenage Dirtbag",Wheatus,9,16,rock,spotify:track:25FTMokYEbEWHEdss5JLZS
3,,Mashew,gregamariani,1,Sirius,"The Alan Parsons Project",49,25,"Progressive rock",spotify:track:0hSs4vOZo1OkRiAOoLafrT
3,,Mashew,gregamariani,1,"Eye of the Tiger",Survivor,13,38,80s,spotify:track:2HHtWyy5CgaQbC7XSoOb0e
3,,Mashew,gregamariani,0,"Lose Yourself",Eminem,10,36,rap,spotify:track:5Z01UMMf7V1o0MzF86s6WJ
3,,Mashew,lorimariani,3,"Goodbye Yellow Brick Road - Remastered 2014","Elton John",19,47,,spotify:track:4IRHwIZHzlHT1FQpRa5RdE
3,,Mashew,lorimariani,1,Thunderstruck,AC/DC,11,66,"hard rock",spotify:track:57bgtoPSgt236HzfBOd8kj
3,,Mashew,lorimariani,1,"Go Your Own Way - 2004 Remaster","Fleetwood Mac",16,66,,spotify:track:4xh7W7tlNMIczFhupCPniY
3,,Mashew,margs,1,"Wagon Wheel","Darius Rucker",38,27,country,spotify:track:3xdjjKMcMOFgo1eQrfbogM
3,,Mashew,margs,3,"Sir Duke","Stevie Wonder",22,46,soul,spotify:track:4pNiE4LCVV74vfIBaUHm1b
3,,Mashew,margs,2,"Pink Pony Club","Chappell Roan",3,56,pop,spotify:track:1k2pQc5i348DCHwbn5KTdc
3,,Mashew,margs,1,"Alexander Hamilton","Leslie Odom Jr., Daveed Diggs, Okieriete Onaodowan, Lin-Manuel Miranda, Phillipa Soo, Christopher Jackson, Original Broadway Cast of Hamilton",89,47,,spotify:track:4TTV7EcfroSLWzXRY6gLv6
3,,Mashew,missmara,2,"Total Eclipse of the Heart","Bonnie Tyler",17,32,80s,spotify:track:7wuJGgpTNzbUyn26IOY6rj
3,,Mashew,missmara,6,"Do I Wanna Know?","Arctic Monkeys",1,71,"indie rock",spotify:track:5FVd6KXrgO9B3JPmC8OPst
3,,Mashew,missmara,5,"Chaise Longue","Wet Leg",36,70,,spotify:track:0nys6GusuHnjSYLW0PYYb7
3,,Mashew,missmara,4,"Big Cat","Wild Beasts",73,17,,spotify:track:5IQQXe71ZEffQzl6Rzflbj
3,,Mashew,missmara,3,i,"Kendrick Lamar",13,33,rap,spotify:track:7wdzLe2Gsx1RGqbvYZHASz
3,,Mashew,missmara,5,"Long Legged Larry","Aesop Rock",75,38,,spotify:track:0OX9lzZxKlbtn3c2d97uqz
3,,Mashew,missmara,5,"100% Endurance","Yard Act",66,50,,spotify:track:0jhDyfdBiRfMi3jh9z2S0U
3,,Mashew,mmariani13,1,"Second Hand News - 2004 Remaster","Fleetwood Mac",42,57,,spotify:track:4SZhxF0sIS8nDvwhT0Tt2V
3,,Mashew,mmariani13,2,POWER,"Kanye West",4,35,Hip-Hop,spotify:track:2gZUPNdnz5Y45eiGxpHGSc
3,,Mashew,mmariani13,5,"Callin' Out","Lyrics Born, Joyo Velarde",99,87,,spotify:track:51shUQiX7SboW7URSuydwV
3,,Mashew,mmariani13,0,Dog,"The Bottle Rockets",94,60,,spotify:track:0Oe8gKILZ4wz3psKS8qrkj
3,,Mashew,mmariani13,2,"Come Dancing","The Kinks",62,33,,spotify:track:1M0J45ZSv6qNaBSbGCIcGV
3,,Ronm,Kristin,1,"Move Along","The All-American Rejects",18,87,rock,spotify:track:58HpsDKeYoLtNhXFQyQmz5
3,,Ronm,Kristin,1,"Lose Yourself",Eminem,10,36,rap,spotify:track:5Z01UMMf7V1o0MzF86s6WJ
3,,Ronm,Kristin,1,"Since U Been Gone","Kelly Clarkson",10,75,pop,spotify:track:3xrn9i8zhNZsTtcoWgQEAd
3,,Ronm,Kristin,1,"Say Something","A Great Big World, Christina Aguilera",83,30,,spotify:track:6Vc5wAMmXdKIAM7WUoEb7N
3,,Ronm,Mashew,1,"I Have a Date - Originally Performed By The Simpletones","The Vandals",83,55,,spotify:track:2PEBsyLqTdWbsb5I6EpqMa
3,,Ronm,Mashew,2,"Fight For Your Right","Beastie Boys",32,40,,spotify:track:5NLuC70kZQv8q34QyQa1DP
3,,Ronm,Mashew,1,HUMBLE.,"Kendrick Lamar",2,86,rap,spotify:track:7KXjTSCq5nL1LoYtL7XAwS
3,,Ronm,Mashew,4,"Blues Clues","Second Best",97,7,,spotify:track:5OlQB1oPqxOhYLPBb18DaC
3,,Ronm,"Sasha Mariana",1,"Careless Whisper","George Michael",9,26,80s,spotify:track:5WDLRQ3VCdVrKw0njWe5E5
3,,Ronm,"Sasha Mariana",3,"In My Life - Remastered 2009","The Beatles",17,36,,spotify:track:3KfbEIOC7YIv90FIfNSZpo
3,,Ronm,"Sasha Mariana",1,"Don't Stand So Close To Me","The Police",32,33,,spotify:track:5veJDT0MLsLbhYsx42GXUD
3,,Ronm,"Sasha Mariana",1,Signs,"Snoop Dogg, Charlie Wilson, Justin Timberlake",89,52,,spotify:track:4HSAJpNocVNJbwbQvtCMdO
3,,Ronm,"Sasha Mariana",2,"Cool Cat - Remastered 2011",Queen,37,43,,spotify:track:6Re2AwZUVlgBng04BZTauW
3,,Ronm,"Sasha Mariana",4,"El Paso","Marty Robbins",47,44,,spotify:track:4f8hBeMXMvssn6HtFAtblo
3,,Ronm,gregamariani,1,"Air Force Ones","Nelly, Murphy Lee, Ali, Kyjuan",93,56,,spotify:track:7kAFSrTIOiVZ0gnHBuAH3l
3,,Ronm,gregamariani,2,Sirius,"The Alan Parsons Project",49,25,"Progressive rock",spotify:track:0hSs4vOZo1OkRiAOoLafrT
3,,Ronm,gregamariani,4,Y.M.C.A.,"Village People",54,10,,spotify:track:4YOJFyjqh8eAcbKFfv88mV
3,,Ronm,lorimariani,2,"Goodbye Yellow Brick Road - Remastered 2014","Elton John",19,47,,spotify:track:4IRHwIZHzlHT1FQpRa5RdE
3,,Ronm,lorimariani,5,"Harvest Moon","Neil Young",20,21,"classic rock",spotify:track:5l9c6bJmzvftumhz4TMPgk
3,,Ronm,lorimariani,3,Jeremy,"Pearl Jam",15,75,Grunge,spotify:track:62nQ8UZVqR2RMvkJHkcO2o
3,,Ronm,lorimariani,4,Thunderstruck,AC/DC,11,66,"hard rock",spotify:track:57bgtoPSgt236HzfBOd8kj
3,,Ronm,lorimariani,3,"All The Small Things",blink-182,5,69,"punk rock",spotify:track:2m1hi0nfMR9vdGC8UcrnwU
3,,Ronm,lorimariani,5,"Wild Horses","The Rolling Stones",31,57,,spotify:track:4M4Q3JLsUbyTkd5WHty1WB
3,,Ronm,lorimariani,3,"Go Your Own Way - 2004 Remaster","Fleetwood Mac",16,66,,spotify:track:4xh7W7tlNMIczFhupCPniY
3,,Ronm,margs,1,"Wagon Wheel","Darius Rucker",38,27,country,spotify:track:3xdjjKMcMOFgo1eQrfbogM
3,,Ronm,margs,3,"Isn't She Lovely","Stevie Wonder",28,45,soul,spotify:track:3NlLmKBJozwoi0k03Feb1N
3,,Ronm,margs,2,"...Baby One More Time","Britney Spears",7,43,pop,spotify:track:3MjUtNVVq3C8Fn0MP3zhXa
3,,Ronm,margs,1,"Ride Wit Me","Nelly, City Spud",85,57,,spotify:track:3Gf5nttwcX9aaSQXRWidEZ
3,,Ronm,margs,2,"Sir Duke","Stevie Wonder",22,46,soul,spotify:track:4pNiE4LCVV74vfIBaUHm1b
3,,Ronm,margs,2,"Alexander Hamilton","Leslie Odom Jr., Daveed Diggs, Okieriete Onaodowan, Lin-Manuel Miranda, Phillipa Soo, Christopher Jackson, Original Broadway Cast of Hamilton",89,47,,spotify:track:4TTV7EcfroSLWzXRY6gLv6
3,,Ronm,missmara,2,"Total Eclipse of the Heart","Bonnie Tyler",17,32,80s,spotify:track:7wuJGgpTNzbUyn26IOY6rj
3,,Ronm,missmara,1,i,"Kendrick Lamar",13,33,rap,spotify:track:7wdzLe2Gsx1RGqbvYZHASz
3,,Ronm,mmariani13,2,"Second Hand News - 2004 Remaster","Fleetwood Mac",42,57,,spotify:track:4SZhxF0sIS8nDvwhT0Tt2V
3,,Ronm,mmariani13,3,"You Learn - 2015 Remaster","Alanis Morissette",43,56,,spotify:track:4l7YIni9bAiGwWMqK5wvgV
3,,Ronm,mmariani13,1,POWER,"Kanye West",4,35,Hip-Hop,spotify:track:2gZUPNdnz5Y45eiGxpHGSc
3,,Ronm,mmariani13,1,"Come Dancing","The Kinks",62,33,,spotify:track:1M0J45ZSv6qNaBSbGCIcGV
3,,"Sasha Mariana",Kristin,2,"Move Along","The All-American Rejects",18,87,rock,spotify:track:58HpsDKeYoLtNhXFQyQmz5
3,,"Sasha Mariana",Kristin,3,"Still into You",Paramore,2,86,rock,spotify:track:3SXXFIZel1VQQ4ENiqozxi
3,,"Sasha Mariana",Kristin,1,"Another Brick in the Wall, Pt. 2","Pink Floyd",18,10,"classic rock",spotify:track:4gMgiXfqyzZLMhsksGmbQV
3,,"Sasha Mariana",Kristin,2,"Lose Yourself",Eminem,10,36,rap,spotify:track:5Z01UMMf7V1o0MzF86s6WJ
3,,"Sasha Mariana",Kristin,1,"Since U Been Gone","Kelly Clarkson",10,75,pop,spotify:track:3xrn9i8zhNZsTtcoWgQEAd
3,,"Sasha Mariana",Kristin,1,Kitty,"The Presidents Of The United States Of America",59,5,,spotify:track:33yN1Lc3tJLVXuHxnMkoDf
3,,"Sasha Mariana",Kristin,2,"Say Something","A Great Big World, Christina Aguilera",83,30,,spotify:track:6Vc5wAMmXdKIAM7WUoEb7N
3,,"Sasha Mariana",Mashew,2,"Fight For Your Right","Beastie Boys",32,40,,spotify:track:5NLuC70kZQv8q34QyQa1DP
3,,"Sasha Mariana",Mashew,0,HUMBLE.,"Kendrick Lamar",2,86,rap,spotify:track:7KXjTSCq5nL1LoYtL7XAwS
3,,"Sasha Mariana",Mashew,0,Cotton,"Vince Staples",75,97,,spotify:track:2Dh62ulfuwM2lOWPy4TLEb
3,,"Sasha Mariana",Mashew,4,"Blues Clues","Second Best",97,7,,spotify:track:5OlQB1oPqxOhYLPBb18DaC
3,,"Sasha Mariana",Mashew,2,"Creeping out Sara",NOFX,67,66,,spotify:track:2ocgKz53EV8Cv2inSCCgTd
3,,"Sasha Mariana",Ronm,2,"(I Can't Get No) Satisfaction - Mono","The Rolling Stones",37,54,,spotify:track:2PzU4IB8Dr6mxV3lHuaG34
3,,"Sasha Mariana",Ronm,2,"Let's Stay Together","Al Green",17,52,soul,spotify:track:63xdwScd1Ai1GigAwQxE8y
3,,"Sasha Mariana",Ronm,0,"Girl on Fire","Alicia Keys",35,69,,spotify:track:4esOae7i4rqTbAu9o5Pxco
3,,"Sasha Mariana",Ronm,1,Tubthumping,Chumbawamba,30,61,90s,spotify:track:22HYEJveCvykVDHDiEEmjZ
3,,"Sasha Mariana",Ronm,1,"All Summer Long","Kid Rock",33,66,,spotify:track:5rX6C5QVvvZB7XckETNych
3,,"Sasha Mariana",Ronm,1,"To Leave Something Behind","Sean Rowe",79,54,,spotify:track:4ric198pxxaosqsNVHHroF
3,,"Sasha Mariana",gregamariani,1,"Air Force Ones","Nelly, Murphy Lee, Ali, Kyjuan",93,56,,spotify:track:7kAFSrTIOiVZ0gnHBuAH3l
3,,"Sasha Mariana",gregamariani,1,"The Joker","Steve Miller Band",26,34,"classic rock",spotify:track:1bp2IO61zbQrbWNmKKxg3f
3,,"Sasha Mariana",gregamariani,3,"Teenage Dirtbag",Wheatus,9,16,rock,spotify:track:25FTMokYEbEWHEdss5JLZS
3,,"Sasha Mariana",gregamariani,1,Sirius,"The Alan Parsons Project",49,25,"Progressive rock",spotify:track:0hSs4vOZo1OkRiAOoLafrT
3,,"Sasha Mariana",gregamariani,0,Y.M.C.A.,"Village People",54,10,,spotify:track:4YOJFyjqh8eAcbKFfv88mV
3,,"Sasha Mariana",gregamariani,1,"Eye of the Tiger",Survivor,13,38,80s,spotify:track:2HHtWyy5CgaQbC7XSoOb0e
3,,"Sasha Mariana",gregamariani,1,"Lose Yourself",Eminem,10,36,rap,spotify:track:5Z01UMMf7V1o0MzF86s6WJ
3,,"Sasha Mariana",lorimariani,3,"Goodbye Yellow Brick Road - Remastered 2014","Elton John",19,47,,spotify:track:4IRHwIZHzlHT1FQpRa5RdE
3,,"Sasha Mariana",lorimariani,2,"Harvest Moon","Neil Young",20,21,"classic rock",spotify:track:5l9c6bJmzvftumhz4TMPgk
3,,"Sasha Mariana",lorimariani,1,Jeremy,"Pearl Jam",15,75,Grunge,spotify:track:62nQ8UZVqR2RMvkJHkcO2o
3,,"Sasha Mariana",lorimariani,4,Thunderstruck,AC/DC,11,66,"hard rock",spotify:track:57bgtoPSgt236HzfBOd8kj
3,,"Sasha Mariana",lorimariani,3,"All The Small Things",blink-182,5,69,"punk rock",spotify:track:2m1hi0nfMR9vdGC8UcrnwU
3,,"Sasha Mariana",lorimariani,3,"Wild Horses","The Rolling Stones",31,57,,spotify:track:4M4Q3JLsUbyTkd5WHty1WB
3,,"Sasha Mariana",lorimariani,1,"Go Your Own Way - 2004 Remaster","Fleetwood Mac",16,66,,spotify:track:4xh7W7tlNMIczFhupCPniY
3,,"Sasha Mariana",margs,1,"Wagon Wheel","Darius Rucker",38,27,country,spotify:track:3xdjjKMcMOFgo1eQrfbogM
3,,"Sasha Mariana",margs,3,"Isn't She Lovely","Stevie Wonder",28,45,soul,spotify:track:3NlLmKBJozwoi0k03Feb1N
3,,"Sasha Mariana",margs,2,"...Baby One More Time","Britney Spears",7,43,pop,spotify:track:3MjUtNVVq3C8Fn0MP3zhXa
3,,"Sasha Mariana",margs,2,"Ride Wit Me","Nelly, City Spud",85,57,,spotify:track:3Gf5nttwcX9aaSQXRWidEZ
3,,"Sasha Mariana",margs,2,"Sir Duke","Stevie Wonder",22,46,soul,spotify:track:4pNiE4LCVV74vfIBaUHm1b
3,,"Sasha Mariana",margs,1,"Pink Pony Club","Chappell Roan",3,56,pop,spotify:track:1k2pQc5i348DCHwbn5KTdc
3,,"Sasha Mariana",margs,1,"Alexander Hamilton","Leslie Odom Jr., Daveed Diggs, Okieriete Onaodowan, Lin-Manuel Miranda, Phillipa Soo, Christopher Jackson, Original Broadway Cast of Hamilton",89,47,,spotify:track:4TTV7EcfroSLWzXRY6gLv6
3,,"Sasha Mariana",missmara,2,"Total Eclipse of the Heart","Bonnie Tyler",17,32,80s,spotify:track:7wuJGgpTNzbUyn26IOY6rj
3,,"Sasha Mariana",missmara,1,"Big Cat","Wild Beasts",73,17,,spotify:track:5IQQXe71ZEffQzl6Rzflbj
3,,"Sasha Mariana",missmara,2,i,"Kendrick Lamar",13,33,rap,spotify:track:7wdzLe2Gsx1RGqbvYZHASz
3,,"Sasha Mariana",missmara,3,"100% Endurance","Yard Act",66,50,,spotify:track:0jhDyfdBiRfMi3jh9z2S0U
3,,"Sasha Mariana",mmariani13,2,"You Learn - 2015 Remaster","Alanis Morissette",43,56,,spotify:track:4l7YIni9bAiGwWMqK5wvgV
3,,"Sasha Mariana",mmariani13,1,POWER,"Kanye West",4,35,Hip-Hop,spotify:track:2gZUPNdnz5Y45eiGxpHGSc
3,,"Sasha Mariana",mmariani13,2,"Callin' Out","Lyrics Born, Joyo Velarde",99,87,,spotify:track:51shUQiX7SboW7URSuydwV
3,,gregamariani,Kristin,2,"Move Along","The All-American Rejects",18,87,rock,spotify:track:58HpsDKeYoLtNhXFQyQmz5
3,,gregamariani,Kristin,3,"Another Brick in the Wall, Pt. 2","Pink Floyd",18,10,"classic rock",spotify:track:4gMgiXfqyzZLMhsksGmbQV
3,,gregamariani,Kristin,2,"Lose Yourself",Eminem,10,36,rap,spotify:track:5Z01UMMf7V1o0MzF86s6WJ
3,,gregamariani,Kristin,4,"Since U Been Gone","Kelly Clarkson",10,75,pop,spotify:track:3xrn9i8zhNZsTtcoWgQEAd
3,,gregamariani,Kristin,1,Kitty,"The Presidents Of The United States Of America",59,5,,spotify:track:33yN1Lc3tJLVXuHxnMkoDf
3,,gregamariani,Kristin,2,"Say Something","A Great Big World, Christina Aguilera",83,30,,spotify:track:6Vc5wAMmXdKIAM7WUoEb7N
3,,gregamariani,Mashew,1,"I Have a Date - Originally Performed By The Simpletones","The Vandals",83,55,,spotify:track:2PEBsyLqTdWbsb5I6EpqMa
3,,gregamariani,Mashew,1,"Fight For Your Right","Beastie Boys",32,40,,spotify:track:5NLuC70kZQv8q34QyQa1DP
3,,gregamariani,Mashew,5,"Blues Clues","Second Best",97,7,,spotify:track:5OlQB1oPqxOhYLPBb18DaC
3,,gregamariani,Ronm,1,"(I Can't Get No) Satisfaction - Mono","The Rolling Stones",37,54,,spotify:track:2PzU4IB8Dr6mxV3lHuaG34
3,,gregamariani,Ronm,3,"Let's Stay Together","Al Green",17,52,soul,spotify:track:63xdwScd1Ai1GigAwQxE8y
3,,gregamariani,Ronm,4,"Girl on Fire","Alicia Keys",35,69,,spotify:track:4esOae7i4rqTbAu9o5Pxco
3,,gregamariani,Ronm,4,Tubthumping,Chumbawamba,30,61,90s,spotify:track:22HYEJveCvykVDHDiEEmjZ
3,,gregamariani,"Sasha Mariana",4,"In My Life - Remastered 2009","The Beatles",17,36,,spotify:track:3KfbEIOC7YIv90FIfNSZpo
3,,gregamariani,"Sasha Mariana",1,"Don't Stand So Close To Me","The Police",32,33,,spotify:track:5veJDT0MLsLbhYsx42GXUD
3,,gregamariani,"Sasha Mariana",2,"El Paso","Marty Robbins",47,44,,spotify:track:4f8hBeMXMvssn6HtFAtblo
3,,gregamariani,lorimariani,2,"Goodbye Yellow Brick Road - Remastered 2014","Elton John",19,47,,spotify:track:4IRHwIZHzlHT1FQpRa5RdE
3,,gregamariani,lorimariani,1,Jeremy,"Pearl Jam",15,75,Grunge,spotify:track:62nQ8UZVqR2RMvkJHkcO2o
3,,gregamariani,lorimariani,3,Thunderstruck,AC/DC,11,66,"hard rock",spotify:track:57bgtoPSgt236HzfBOd8kj
3,,gregamariani,lorimariani,3,"All The Small Things",blink-182,5,69,"punk rock",spotify:track:2m1hi0nfMR9vdGC8UcrnwU
3,,gregamariani,lorimariani,2,"Go Your Own Way - 2004 Remaster","Fleetwood Mac",16,66,,spotify:track:4xh7W7tlNMIczFhupCPniY
3,,gregamariani,margs,3,"Wagon Wheel","Darius Rucker",38,27,country,spotify:track:3xdjjKMcMOFgo1eQrfbogM
3,,gregamariani,margs,1,"Isn't She Lovely","Stevie Wonder",28,45,soul,spotify:track:3NlLmKBJozwoi0k03Feb1N
3,,gregamariani,margs,3,"...Baby One More Time","Britney Spears",7,43,pop,spotify:track:3MjUtNVVq3C8Fn0MP3zhXa
3,,gregamariani,margs,3,"Pink Pony Club","Chappell Roan",3,56,pop,spotify:track:1k2pQc5i348DCHwbn5KTdc
3,,gregamariani,margs,1,"Alexander Hamilton","Leslie Odom Jr., Daveed Diggs, Okieriete Onaodowan, Lin-Manuel Miranda, Phillipa Soo, Christopher Jackson, Original Broadway Cast of Hamilton",89,47,,spotify:track:4TTV7EcfroSLWzXRY6gLv6
3,,gregamariani,missmara,3,"Do I Wanna Know?","Arctic Monkeys",1,71,"indie rock",spotify:track:5FVd6KXrgO9B3JPmC8OPst
3,,gregamariani,missmara,1,"Long Legged Larry","Aesop Rock",75,38,,spotify:track:0OX9lzZxKlbtn3c2d97uqz
3,,gregamariani,missmara,2,"100% Endurance","Yard Act",66,50,,spotify:track:0jhDyfdBiRfMi3jh9z2S0U
3,,gregamariani,mmariani13,2,"Second Hand News - 2004 Remaster","Fleetwood Mac",42,57,,spotify:track:4SZhxF0sIS8nDvwhT0Tt2V
3,,gregamariani,mmariani13,2,"You Learn - 2015 Remaster","Alanis Morissette",43,56,,spotify:track:4l7YIni9bAiGwWMqK5wvgV
3,,gregamariani,mmariani13,2,POWER,"Kanye West",4,35,Hip-Hop,spotify:track:2gZUPNdnz5Y45eiGxpHGSc
3,,gregamariani,mmariani13,1,Dog,"The Bottle Rockets",94,60,,spotify:track:0Oe8gKILZ4wz3psKS8qrkj
3,,gregamariani,mmariani13,2,"Come Dancing","The Kinks",62,33,,spotify:track:1M0J45ZSv6qNaBSbGCIcGV
3,,lorimariani,Kristin,1,"Move Along","The All-American Rejects",18,87,rock,spotify:track:58HpsDKeYoLtNhXFQyQmz5
3,,lorimariani,Kristin,1,"Still into You",Paramore,2,86,rock,spotify:track:3SXXFIZel1VQQ4ENiqozxi
3,,lorimariani,Kristin,0,"Another Brick in the Wall, Pt. 2","Pink Floyd",18,10,"classic rock",spotify:track:4gMgiXfqyzZLMhsksGmbQV
3,,lorimariani,Kristin,1,"Lose Yourself",Eminem,10,36,rap,spotify:track:5Z01UMMf7V1o0MzF86s6WJ
3,,lorimariani,Kristin,1,"Since U Been Gone","Kelly Clarkson",10,75,pop,spotify:track:3xrn9i8zhNZsTtcoWgQEAd
3,,lorimariani,Kristin,1,Kitty,"The Presidents Of The United States Of America",59,5,,spotify:track:33yN1Lc3tJLVXuHxnMkoDf
3,,lorimariani,Kristin,1,"Say Something","A Great Big World, Christina Aguilera",83,30,,spotify:track:6Vc5wAMmXdKIAM7WUoEb7N
3,,lorimariani,Mashew,2,"I Have a Date - Originally Performed By The Simpletones","The Vandals",83,55,,spotify:track:2PEBsyLqTdWbsb5I6EpqMa
3,,lorimariani,Mashew,1,Want,Jawbreaker,64,86,,spotify:track:4ApwYjaCE3IWWCeh0TWGS4
3,,lorimariani,Mashew,1,"Fight For Your Right","Beastie Boys",32,40,,spotify:track:5NLuC70kZQv8q34QyQa1DP
3,,lorimariani,Mashew,1,HUMBLE.,"Kendrick Lamar",2,86,rap,spotify:track:7KXjTSCq5nL1LoYtL7XAwS
3,,lorimariani,Mashew,3,"Blues Clues","Second Best",97,7,,spotify:track:5OlQB1oPqxOhYLPBb18DaC
3,,lorimariani,Ronm,1,"(I Can't Get No) Satisfaction - Mono","The Rolling Stones",37,54,,spotify:track:2PzU4IB8Dr6mxV3lHuaG34
3,,lorimariani,Ronm,3,"The Logical Song",Supertramp,38,77,,spotify:track:2IOeOJyiuzwF8BRAK9jJyj
3,,lorimariani,Ronm,4,"Let's Stay Together","Al Green",17,52,soul,spotify:track:63xdwScd1Ai1GigAwQxE8y
3,,lorimariani,Ronm,4,"Girl on Fire","Alicia Keys",35,69,,spotify:track:4esOae7i4rqTbAu9o5Pxco
3,,lorimariani,Ronm,4,Tubthumping,Chumbawamba,30,61,90s,spotify:track:22HYEJveCvykVDHDiEEmjZ
3,,lorimariani,Ronm,1,"All Summer Long","Kid Rock",33,66,,spotify:track:5rX6C5QVvvZB7XckETNych
3,,lorimariani,Ronm,3,"To Leave Something Behind","Sean Rowe",79,54,,spotify:track:4ric198pxxaosqsNVHHroF
3,,lorimariani,"Sasha Mariana",2,"Careless Whisper","George Michael",9,26,80s,spotify:track:5WDLRQ3VCdVrKw0njWe5E5
3,,lorimariani,"Sasha Mariana",2,"In My Life - Remastered 2009","The Beatles",17,36,,spotify:track:3KfbEIOC7YIv90FIfNSZpo
3,,lorimariani,"Sasha Mariana",1,"Don't Stand So Close To Me","The Police",32,33,,spotify:track:5veJDT0MLsLbhYsx42GXUD
3,,lorimariani,"Sasha Mariana",2,Signs,"Snoop Dogg, Charlie Wilson, Justin Timberlake",89,52,,spotify:track:4HSAJpNocVNJbwbQvtCMdO
3,,lorimariani,"Sasha Mariana",1,"Blame It on the Rain","Milli Vanilli",58,31,,spotify:track:0UUpyDCYzkziXJ1TM4awHM
3,,lorimariani,"Sasha Mariana",1,"Cool Cat - Remastered 2011",Queen,37,43,,spotify:track:6Re2AwZUVlgBng04BZTauW
3,,lorimariani,"Sasha Mariana",4,"El Paso","Marty Robbins",47,44,,spotify:track:4f8hBeMXMvssn6HtFAtblo
3,,lorimariani,gregamariani,1,"Air Force Ones","Nelly, Murphy Lee, Ali, Kyjuan",93,56,,spotify:track:7kAFSrTIOiVZ0gnHBuAH3l
3,,lorimariani,gregamariani,1,"The Joker","Steve Miller Band",26,34,"classic rock",spotify:track:1bp2IO61zbQrbWNmKKxg3f
3,,lorimariani,gregamariani,1,"Teenage Dirtbag",Wheatus,9,16,rock,spotify:track:25FTMokYEbEWHEdss5JLZS
3,,lorimariani,gregamariani,1,Sirius,"The Alan Parsons Project",49,25,"Progressive rock",spotify:track:0hSs4vOZo1OkRiAOoLafrT
3,,lorimariani,gregamariani,2,Y.M.C.A.,"Village People",54,10,,spotify:track:4YOJFyjqh8eAcbKFfv88mV
3,,lorimariani,gregamariani,1,"Eye of the Tiger",Survivor,13,38,80s,spotify:track:2HHtWyy5CgaQbC7XSoOb0e
3,,lorimariani,gregamariani,0,"Lose Yourself",Eminem,10,36,rap,spotify:track:5Z01UMMf7V1o0MzF86s6WJ
3,,lorimariani,margs,1,"Wagon Wheel","Darius Rucker",38,27,country,spotify:track:3xdjjKMcMOFgo1eQrfbogM
3,,lorimariani,margs,1,"Isn't She Lovely","Stevie Wonder",28,45,soul,spotify:track:3NlLmKBJozwoi0k03Feb1N
3,,lorimariani,margs,2,"...Baby One More Time","Britney Spears",7,43,pop,spotify:track:3MjUtNVVq3C8Fn0MP3zhXa
3,,lorimariani,margs,1,"Ride Wit Me","Nelly, City Spud",85,57,,spotify:track:3Gf5nttwcX9aaSQXRWidEZ
3,,lorimariani,margs,2,"Sir Duke","Stevie Wonder",22,46,soul,spotify:track:4pNiE4LCVV74vfIBaUHm1b
3,,lorimariani,margs,1,"Pink Pony Club","Chappell Roan",3,56,pop,spotify:track:1k2pQc5i348DCHwbn5KTdc
3,,lorimariani,margs,2,"Alexander Hamilton","Leslie Odom Jr., Daveed Diggs, Okieriete Onaodowan, Lin-Manuel Miranda, Phillipa Soo, Christopher Jackson, Original Broadway Cast of Hamilton",89,47,,spotify:track:4TTV7EcfroSLWzXRY6gLv6
3,,lorimariani,missmara,2,"Total Eclipse of the Heart","Bonnie Tyler",17,32,80s,spotify:track:7wuJGgpTNzbUyn26IOY6rj
3,,lorimariani,missmara,0,"Big Cat","Wild Beasts",73,17,,spotify:track:5IQQXe71ZEffQzl6Rzflbj
3,,lorimariani,missmara,1,i,"Kendrick Lamar",13,33,rap,spotify:track:7wdzLe2Gsx1RGqbvYZHASz
3,,lorimariani,missmara,1,"Long Legged Larry","Aesop Rock",75,38,,spotify:track:0OX9lzZxKlbtn3c2d97uqz
3,,lorimariani,mmariani13,1,"I Need Love","LL COOL J",67,34,,spotify:track:3g7zG6d1MLV5gVVdi1dg9F
3,,lorimariani,mmariani13,3,"You Learn - 2015 Remaster","Alanis Morissette",43,56,,spotify:track:4l7YIni9bAiGwWMqK5wvgV
3,,lorimariani,mmariani13,1,"Second Hand News - 2004 Remaster","Fleetwood Mac",42,57,,spotify:track:4SZhxF0sIS8nDvwhT0Tt2V
3,,lorimariani,mmariani13,1,POWER,"Kanye West",4,35,Hip-Hop,spotify:track:2gZUPNdnz5Y45eiGxpHGSc
3,,lorimariani,mmariani13,2,Dog,"The Bottle Rockets",94,60,,spotify:track:0Oe8gKILZ4wz3psKS8qrkj
3,,lorimariani,mmariani13,1,"Come Dancing","The Kinks",62,33,,spotify:track:1M0J45ZSv6qNaBSbGCIcGV
3,,margs,Kristin,1,"Move Along","The All-American Rejects",18,87,rock,spotify:track:58HpsDKeYoLtNhXFQyQmz5
3,,margs,Kristin,2,"Still into You",Paramore,2,86,rock,spotify:track:3SXXFIZel1VQQ4ENiqozxi
3,,margs,Kristin,2,"Another Brick in the Wall, Pt. 2","Pink Floyd",18,10,"classic rock",spotify:track:4gMgiXfqyzZLMhsksGmbQV
3,,margs,Kristin,3,"Lose Yourself",Eminem,10,36,rap,spotify:track:5Z01UMMf7V1o0MzF86s6WJ
3,,margs,Kristin,2,"Since U Been Gone","Kelly Clarkson",10,75,pop,spotify:track:3xrn9i8zhNZsTtcoWgQEAd
3,,margs,Kristin,3,"Say Something","A Great Big World, Christina Aguilera",83,30,,spotify:track:6Vc5wAMmXdKIAM7WUoEb7N
3,,margs,Mashew,1,"I Have a Date - Originally Performed By The Simpletones","The Vandals",83,55,,spotify:track:2PEBsyLqTdWbsb5I6EpqMa
3,,margs,Mashew,2,"Fight For Your Right","Beastie Boys",32,40,,spotify:track:5NLuC70kZQv8q34QyQa1DP
3,,margs,Mashew,1,Cotton,"Vince Staples",75,97,,spotify:track:2Dh62ulfuwM2lOWPy4TLEb
3,,margs,Mashew,3,"Blues Clues","Second Best",97,7,,spotify:track:5OlQB1oPqxOhYLPBb18DaC
3,,margs,Ronm,2,"(I Can't Get No) Satisfaction - Mono","The Rolling Stones",37,54,,spotify:track:2PzU4IB8Dr6mxV3lHuaG34
3,,margs,Ronm,2,"Let's Stay Together","Al Green",17,52,soul,spotify:track:63xdwScd1Ai1GigAwQxE8y
3,,margs,Ronm,1,"Girl on Fire","Alicia Keys",35,69,,spotify:track:4esOae7i4rqTbAu9o5Pxco
3,,margs,Ronm,3,Tubthumping,Chumbawamba,30,61,90s,spotify:track:22HYEJveCvykVDHDiEEmjZ
3,,margs,"Sasha Mariana",1,"Careless Whisper","George Michael",9,26,80s,spotify:track:5WDLRQ3VCdVrKw0njWe5E5
3,,margs,"Sasha Mariana",2,"In My Life - Remastered 2009","The Beatles",17,36,,spotify:track:3KfbEIOC7YIv90FIfNSZpo
3,,margs,"Sasha Mariana",2,"Don't Stand So Close To Me","The Police",32,33,,spotify:track:5veJDT0MLsLbhYsx42GXUD
3,,margs,"Sasha Mariana",3,Signs,"Snoop Dogg, Charlie Wilson, Justin Timberlake",89,52,,spotify:track:4HSAJpNocVNJbwbQvtCMdO
3,,margs,gregamariani,1,"Air Force Ones","Nelly, Murphy Lee, Ali, Kyjuan",93,56,,spotify:track:7kAFSrTIOiVZ0gnHBuAH3l
3,,margs,gregamariani,2,"The Joker","Steve Miller Band",26,34,"classic rock",spotify:track:1bp2IO61zbQrbWNmKKxg3f
3,,margs,gregamariani,2,"Teenage Dirtbag",Wheatus,9,16,rock,spotify:track:25FTMokYEbEWHEdss5JLZS
3,,margs,gregamariani,2,Sirius,"The Alan Parsons Project",49,25,"Progressive rock",spotify:track:0hSs4vOZo1OkRiAOoLafrT
3,,margs,gregamariani,3,Y.M.C.A.,"Village People",54,10,,spotify:track:4YOJFyjqh8eAcbKFfv88mV
3,,margs,gregamariani,1,"Eye of the Tiger",Survivor,13,38,80s,spotify:track:2HHtWyy5CgaQbC7XSoOb0e
3,,margs,gregamariani,4,"Lose Yourself",Eminem,10,36,rap,spotify:track:5Z01UMMf7V1o0MzF86s6WJ
3,,margs,lorimariani,2,"Goodbye Yellow Brick Road - Remastered 2014","Elton John",19,47,,spotify:track:4IRHwIZHzlHT1FQpRa5RdE
3,,margs,lorimariani,3,"Harvest Moon","Neil Young",20,21,"classic rock",spotify:track:5l9c6bJmzvftumhz4TMPgk
3,,margs,lorimariani,1,Jeremy,"Pearl Jam",15,75,Grunge,spotify:track:62nQ8UZVqR2RMvkJHkcO2o
3,,margs,lorimariani,2,Thunderstruck,AC/DC,11,66,"hard rock",spotify:track:57bgtoPSgt236HzfBOd8kj
3,,margs,lorimariani,2,"All The Small Things",blink-182,5,69,"punk rock",spotify:track:2m1hi0nfMR9vdGC8UcrnwU
3,,margs,lorimariani,3,"Wild Horses","The Rolling Stones",31,57,,spotify:track:4M4Q3JLsUbyTkd5WHty1WB
3,,margs,lorimariani,3,"Go Your Own Way - 2004 Remaster","Fleetwood Mac",16,66,,spotify:track:4xh7W7tlNMIczFhupCPniY
3,,margs,missmara,2,"Total Eclipse of the Heart","Bonnie Tyler",17,32,80s,spotify:track:7wuJGgpTNzbUyn26IOY6rj
3,,margs,missmara,1,"Long Legged Larry","Aesop Rock",75,38,,spotify:track:0OX9lzZxKlbtn3c2d97uqz
3,,margs,mmariani13,1,"Second Hand News - 2004 Remaster","Fleetwood Mac",42,57,,spotify:track:4SZhxF0sIS8nDvwhT0Tt2V
3,,margs,mmariani13,2,"You Learn - 2015 Remaster","Alanis Morissette",43,56,,spotify:track:4l7YIni9bAiGwWMqK5wvgV
3,,margs,mmariani13,3,Dog,"The Bottle Rockets",94,60,,spotify:track:0Oe8gKILZ4wz3psKS8qrkj
3,,margs,mmariani13,1,"Come Dancing","The Kinks",62,33,,spotify:track:1M0J45ZSv6qNaBSbGCIcGV
3,,missmara,Kristin,1,"Move Along","The All-American Rejects",18,87,rock,spotify:track:58HpsDKeYoLtNhXFQyQmz5
3,,missmara,Kristin,1,"Still into You",Paramore,2,86,rock,spotify:track:3SXXFIZel1VQQ4ENiqozxi
3,,missmara,Kristin,2,"Another Brick in the Wall, Pt. 2","Pink Floyd",18,10,"classic rock",spotify:track:4gMgiXfqyzZLMhsksGmbQV
3,,missmara,Kristin,0,"Lose Yourself",Eminem,10,36,rap,spotify:track:5Z01UMMf7V1o0MzF86s6WJ
3,,missmara,Kristin,0,"Since U Been Gone","Kelly Clarkson",10,75,pop,spotify:track:3xrn9i8zhNZsTtcoWgQEAd
3,,missmara,Kristin,4,Kitty,"The Presidents Of The United States Of America",59,5,,spotify:track:33yN1Lc3tJLVXuHxnMkoDf
3,,missmara,Mashew,2,"I Have a Date - Originally Performed By The Simpletones","The Vandals",83,55,,spotify:track:2PEBsyLqTdWbsb5I6EpqMa
3,,missmara,Mashew,4,Want,Jawbreaker,64,86,,spotify:track:4ApwYjaCE3IWWCeh0TWGS4
3,,missmara,Mashew,2,"Fight For Your Right","Beastie Boys",32,40,,spotify:track:5NLuC70kZQv8q34QyQa1DP
3,,missmara,Mashew,5,HUMBLE.,"Kendrick Lamar",2,86,rap,spotify:track:7KXjTSCq5nL1LoYtL7XAwS
3,,missmara,Mashew,5,Cotton,"Vince Staples",75,97,,spotify:track:2Dh62ulfuwM2lOWPy4TLEb
3,,missmara,Mashew,3,"Blues Clues","Second Best",97,7,,spotify:track:5OlQB1oPqxOhYLPBb18DaC
3,,missmara,Mashew,4,"Creeping out Sara",NOFX,67,66,,spotify:track:2ocgKz53EV8Cv2inSCCgTd
3,,missmara,Ronm,1,"(I Can't Get No) Satisfaction - Mono","The Rolling Stones",37,54,,spotify:track:2PzU4IB8Dr6mxV3lHuaG34
3,,missmara,Ronm,1,"Let's Stay Together","Al Green",17,52,soul,spotify:track:63xdwScd1Ai1GigAwQxE8y
3,,missmara,Ronm,2,"The Logical Song",Supertramp,38,77,,spotify:track:2IOeOJyiuzwF8BRAK9jJyj
3,,missmara,Ronm,2,"Girl on Fire","Alicia Keys",35,69,,spotify:track:4esOae7i4rqTbAu9o5Pxco
3,,missmara,Ronm,0,"All Summer Long","Kid Rock",33,66,,spotify:track:5rX6C5QVvvZB7XckETNych
3,,missmara,Ronm,2,"To Leave Something Behind","Sean Rowe",79,54,,spotify:track:4ric198pxxaosqsNVHHroF
3,,missmara,"Sasha Mariana",2,"Careless Whisper","George Michael",9,26,80s,spotify:track:5WDLRQ3VCdVrKw0njWe5E5
3,,missmara,"Sasha Mariana",2,"In My Life - Remastered 2009","The Beatles",17,36,,spotify:track:3KfbEIOC7YIv90FIfNSZpo
3,,missmara,"Sasha Mariana",1,"Don't Stand So Close To Me","The Police",32,33,,spotify:track:5veJDT0MLsLbhYsx42GXUD
3,,missmara,"Sasha Mariana",1,"Blame It on the Rain","Milli Vanilli",58,31,,spotify:track:0UUpyDCYzkziXJ1TM4awHM
3,,missmara,"Sasha Mariana",2,"Cool Cat - Remastered 2011",Queen,37,43,,spotify:track:6Re2AwZUVlgBng04BZTauW
3,,missmara,"Sasha Mariana",1,"El Paso","Marty Robbins",47,44,,spotify:track:4f8hBeMXMvssn6HtFAtblo
3,,missmara,gregamariani,2,"Air Force Ones","Nelly, Murphy Lee, Ali, Kyjuan",93,56,,spotify:track:7kAFSrTIOiVZ0gnHBuAH3l
3,,missmara,gregamariani,2,"The Joker","Steve Miller Band",26,34,"classic rock",spotify:track:1bp2IO61zbQrbWNmKKxg3f
3,,missmara,gregamariani,1,"Teenage Dirtbag",Wheatus,9,16,rock,spotify:track:25FTMokYEbEWHEdss5JLZS
3,,missmara,gregamariani,1,Sirius,"The Alan Parsons Project",49,25,"Progressive rock",spotify:track:0hSs4vOZo1OkRiAOoLafrT
3,,missmara,gregamariani,0,Y.M.C.A.,"Village People",54,10,,spotify:track:4YOJFyjqh8eAcbKFfv88mV
3,,missmara,gregamariani,0,"Lose Yourself",Eminem,10,36,rap,spotify:track:5Z01UMMf7V1o0MzF86s6WJ
3,,missmara,lorimariani,1,"Goodbye Yellow Brick Road - Remastered 2014","Elton John",19,47,,spotify:track:4IRHwIZHzlHT1FQpRa5RdE
3,,missmara,lorimariani,1,"Harvest Moon","Neil Young",20,21,"classic rock",spotify:track:5l9c6bJmzvftumhz4TMPgk
3,,missmara,lorimariani,2,Jeremy,"Pearl Jam",15,75,Grunge,spotify:track:62nQ8UZVqR2RMvkJHkcO2o
3,,missmara,lorimariani,1,Thunderstruck,AC/DC,11,66,"hard rock",spotify:track:57bgtoPSgt236HzfBOd8kj
3,,missmara,lorimariani,1,"All The Small Things",blink-182,5,69,"punk rock",spotify:track:2m1hi0nfMR9vdGC8UcrnwU
3,,missmara,lorimariani,2,"Go Your Own Way - 2004 Remaster","Fleetwood Mac",16,66,,spotify:track:4xh7W7tlNMIczFhupCPniY
3,,missmara,margs,1,"Wagon Wheel","Darius Rucker",38,27,country,spotify:track:3xdjjKMcMOFgo1eQrfbogM
3,,missmara,margs,0,"Isn't She Lovely","Stevie Wonder",28,45,soul,spotify:track:3NlLmKBJozwoi0k03Feb1N
3,,missmara,margs,0,"...Baby One More Time","Britney Spears",7,43,pop,spotify:track:3MjUtNVVq3C8Fn0MP3zhXa
3,,missmara,margs,1,"Ride Wit Me","Nelly, City Spud",85,57,,spotify:track:3Gf5nttwcX9aaSQXRWidEZ
3,,missmara,margs,2,"Pink Pony Club","Chappell Roan",3,56,pop,spotify:track:1k2pQc5i348DCHwbn5KTdc
3,,missmara,margs,1,"Alexander Hamilton","Leslie Odom Jr., Daveed Diggs, Okieriete Onaodowan, Lin-Manuel Miranda, Phillipa Soo, Christopher Jackson, Original Broadway Cast of Hamilton",89,47,,spotify:track:4TTV7EcfroSLWzXRY6gLv6
3,,missmara,missmara,0,"Do I Wanna Know?","Arctic Monkeys",1,71,"indie rock",spotify:track:5FVd6KXrgO9B3JPmC8OPst
3,,missmara,missmara,0,"Big Cat","Wild Beasts",73,17,,spotify:track:5IQQXe71ZEffQzl6Rzflbj
3,,missmara,missmara,0,"100% Endurance","Yard Act",66,50,,spotify:track:0jhDyfdBiRfMi3jh9z2S0U
3,,missmara,mmariani13,1,"Second Hand News - 2004 Remaster","Fleetwood Mac",42,57,,spotify:track:4SZhxF0sIS8nDvwhT0Tt2V
3,,missmara,mmariani13,0,"I Need Love","LL COOL J",67,34,,spotify:track:3g7zG6d1MLV5gVVdi1dg9F
3,,missmara,mmariani13,1,"You Learn - 2015 Remaster","Alanis Morissette",43,56,,spotify:track:4l7YIni9bAiGwWMqK5wvgV
3,,missmara,mmariani13,1,POWER,"Kanye West",4,35,Hip-Hop,spotify:track:2gZUPNdnz5Y45eiGxpHGSc
3,,missmara,mmariani13,4,"Callin' Out","Lyrics Born, Joyo Velarde",99,87,,spotify:track:51shUQiX7SboW7URSuydwV
3,,missmara,mmariani13,0,Dog,"The Bottle Rockets",94,60,,spotify:track:0Oe8gKILZ4wz3psKS8qrkj
3,,missmara,mmariani13,1,"Come Dancing","The Kinks",62,33,,spotify:track:1M0J45ZSv6qNaBSbGCIcGV
3,,mmariani13,Kristin,2,"Move Along","The All-American Rejects",18,87,rock,spotify:track:58HpsDKeYoLtNhXFQyQmz5
3,,mmariani13,Kristin,2,"Still into You",Paramore,2,86,rock,spotify:track:3SXXFIZel1VQQ4ENiqozxi
3,,mmariani13,Kristin,1,"Another Brick in the Wall, Pt. 2","Pink Floyd",18,10,"classic rock",spotify:track:4gMgiXfqyzZLMhsksGmbQV
3,,mmariani13,Kristin,3,"Lose Yourself",Eminem,10,36,rap,spotify:track:5Z01UMMf7V1o0MzF86s6WJ
3,,mmariani13,Kristin,3,Kitty,"The Presidents Of The United States Of America",59,5,,spotify:track:33yN1Lc3tJLVXuHxnMkoDf
3,,mmariani13,Kristin,1,"Say Something","A Great Big World, Christina Aguilera",83,30,,spotify:track:6Vc5wAMmXdKIAM7WUoEb7N
3,,mmariani13,Mashew,2,"I Have a Date - Originally Performed By The Simpletones","The Vandals",83,55,,spotify:track:2PEBsyLqTdWbsb5I6EpqMa
3,,mmariani13,Mashew,1,"Fight For Your Right","Beastie Boys",32,40,,spotify:track:5NLuC70kZQv8q34QyQa1DP
3,,mmariani13,Mashew,2,"Blues Clues","Second Best",97,7,,spotify:track:5OlQB1oPqxOhYLPBb18DaC
3,,mmariani13,Mashew,1,"Creeping out Sara",NOFX,67,66,,spotify:track:2ocgKz53EV8Cv2inSCCgTd
3,,mmariani13,Ronm,2,"(I Can't Get No) Satisfaction - Mono","The Rolling Stones",37,54,,spotify:track:2PzU4IB8Dr6mxV3lHuaG34
3,,mmariani13,Ronm,3,"Let's Stay Together","Al Green",17,52,soul,spotify:track:63xdwScd1Ai1GigAwQxE8y
3,,mmariani13,Ronm,2,"The Logical Song",Supertramp,38,77,,spotify:track:2IOeOJyiuzwF8BRAK9jJyj
3,,mmariani13,Ronm,3,Tubthumping,Chumbawamba,30,61,90s,spotify:track:22HYEJveCvykVDHDiEEmjZ
3,,mmariani13,Ronm,0,"All Summer Long","Kid Rock",33,66,,spotify:track:5rX6C5QVvvZB7XckETNych
3,,mmariani13,Ronm,2,"To Leave Something Behind","Sean Rowe",79,54,,spotify:track:4ric198pxxaosqsNVHHroF
3,,mmariani13,"Sasha Mariana",1,"Careless Whisper","George Michael",9,26,80s,spotify:track:5WDLRQ3VCdVrKw0njWe5E5
3,,mmariani13,"Sasha Mariana",2,"In My Life - Remastered 2009","The Beatles",17,36,,spotify:track:3KfbEIOC7YIv90FIfNSZpo
3,,mmariani13,"Sasha Mariana",2,"Don't Stand So Close To Me","The Police",32,33,,spotify:track:5veJDT0MLsLbhYsx42GXUD
3,,mmariani13,"Sasha Mariana",1,"Cool Cat - Remastered 2011",Queen,37,43,,spotify:track:6Re2AwZUVlgBng04BZTauW
3,,mmariani13,"Sasha Mariana",3,"El Paso","Marty Robbins",47,44,,spotify:track:4f8hBeMXMvssn6HtFAtblo
3,,mmariani13,gregamariani,1,"Air Force Ones","Nelly, Murphy Lee, Ali, Kyjuan",93,56,,spotify:track:7kAFSrTIOiVZ0gnHBuAH3l
3,,mmariani13,gregamariani,1,"The Joker","Steve Miller Band",26,34,"classic rock",spotify:track:1bp2IO61zbQrbWNmKKxg3f
3,,mmariani13,gregamariani,0,"Teenage Dirtbag",Wheatus,9,16,rock,spotify:track:25FTMokYEbEWHEdss5JLZS
3,,mmariani13,gregamariani,3,Sirius,"The Alan Parsons Project",49,25,"Progressive rock",spotify:track:0hSs4vOZo1OkRiAOoLafrT
3,,mmariani13,gregamariani,4,Y.M.C.A.,"Village People",54,10,,spotify:track:4YOJFyjqh8eAcbKFfv88mV
3,,mmariani13,gregamariani,1,"Eye of the Tiger",Survivor,13,38,80s,spotify:track:2HHtWyy5CgaQbC7XSoOb0e
3,,mmariani13,gregamariani,1,"Lose Yourself",Eminem,10,36,rap,spotify:track:5Z01UMMf7V1o0MzF86s6WJ
3,,mmariani13,lorimariani,2,"Goodbye Yellow Brick Road - Remastered 2014","Elton John",19,47,,spotify:track:4IRHwIZHzlHT1FQpRa5RdE
3,,mmariani13,lorimariani,4,Jeremy,"Pearl Jam",15,75,Grunge,spotify:track:62nQ8UZVqR2RMvkJHkcO2o
3,,mmariani13,lorimariani,2,Thunderstruck,AC/DC,11,66,"hard rock",spotify:track:57bgtoPSgt236HzfBOd8kj
3,,mmariani13,lorimariani,1,"All The Small Things",blink-182,5,69,"punk rock",spotify:track:2m1hi0nfMR9vdGC8UcrnwU
3,,mmariani13,lorimariani,1,"Wild Horses","The Rolling Stones",31,57,,spotify:track:4M4Q3JLsUbyTkd5WHty1WB
3,,mmariani13,lorimariani,1,"Go Your Own Way - 2004 Remaster","Fleetwood Mac",16,66,,spotify:track:4xh7W7tlNMIczFhupCPniY
3,,mmariani13,margs,3,"Isn't She Lovely","Stevie Wonder",28,45,soul,spotify:track:3NlLmKBJozwoi0k03Feb1N
3,,mmariani13,margs,0,"...Baby One More Time","Britney Spears",7,43,pop,spotify:track:3MjUtNVVq3C8Fn0MP3zhXa
3,,mmariani13,margs,1,"Ride Wit Me","Nelly, City Spud",85,57,,spotify:track:3Gf5nttwcX9aaSQXRWidEZ
3,,mmariani13,margs,1,"Sir Duke","Stevie Wonder",22,46,soul,spotify:track:4pNiE4LCVV74vfIBaUHm1b
3,,mmariani13,margs,1,"Pink Pony Club","Chappell Roan",3,56,pop,spotify:track:1k2pQc5i348DCHwbn5KTdc
3,,mmariani13,margs,1,"Alexander Hamilton","Leslie Odom Jr., Daveed Diggs, Okieriete Onaodowan, Lin-Manuel Miranda, Phillipa Soo, Christopher Jackson, Original Broadway Cast of Hamilton",89,47,,spotify:track:4TTV7EcfroSLWzXRY6gLv6
3,,mmariani13,missmara,1,"Total Eclipse of the Heart","Bonnie Tyler",17,32,80s,spotify:track:7wuJGgpTNzbUyn26IOY6rj
3,,mmariani13,missmara,1,"Chaise Longue","Wet Leg",36,70,,spotify:track:0nys6GusuHnjSYLW0PYYb7
3,,mmariani13,missmara,2,"Big Cat","Wild Beasts",73,17,,spotify:track:5IQQXe71ZEffQzl6Rzflbj
3,,mmariani13,missmara,2,i,"Kendrick Lamar",13,33,rap,spotify:track:7wdzLe2Gsx1RGqbvYZHASz
3,,mmariani13,missmara,2,"Long Legged Larry","Aesop Rock",75,38,,spotify:track:0OX9lzZxKlbtn3c2d97uqz
3,,mmariani13,missmara,1,"100% Endurance","Yard Act",66,50,,spotify:track:0jhDyfdBiRfMi3jh9z2S0U
3,8,Kristin,Ronm,2,"Come and Get Your Love - Single Version",Redbone,25,57,,spotify:track:7GVUmCP00eSsqc4tzj1sDD
3,8,Kristin,"Sasha Mariana",2,"Neon Moon","Brooks & Dunn",43,36,country,spotify:track:3EUl8M6SzxZl03NPkB8mUd
3,8,Kristin,gregamariani,2,"Party In The U.S.A.","Miley Cyrus",8,57,pop,spotify:track:5Q0Nhxo0l2bP3pNjpGJwV1
3,8,Kristin,lorimariani,2,Creep,Radiohead,0,42,alternative,spotify:track:70LcF31zb1H0PyJoS1Sx1r
3,8,Kristin,missmara,1,Anxiety,Doechii,32,34,"pop rap",spotify:track:3LPLRNr58Z9Pn0clnEtkXb
3,8,Kristin,mmariani13,2,"This Is How We Do It","Montell Jordan, Wino",90,58,,spotify:track:6uQKuonTU8VKBz5SHZuQXD
3,8,Mashew,Kristin,2,"Mmm Mmm Mmm Mmm","Crash Test Dummies",41,18,,spotify:track:76nvqWPFucUra1xCkN1tnD
3,8,Mashew,Ronm,2,"Come and Get Your Love - Single Version",Redbone,25,57,,spotify:track:7GVUmCP00eSsqc4tzj1sDD
3,8,Mashew,lorimariani,1,Creep,Radiohead,0,42,alternative,spotify:track:70LcF31zb1H0PyJoS1Sx1r
3,8,Mashew,missmara,3,Anxiety,Doechii,32,34,"pop rap",spotify:track:3LPLRNr58Z9Pn0clnEtkXb
3,8,Mashew,mmariani13,3,"This Is How We Do It","Montell Jordan, Wino",90,58,,spotify:track:6uQKuonTU8VKBz5SHZuQXD
3,8,Ronm,"Sasha Mariana",3,"Neon Moon","Brooks & Dunn",43,36,country,spotify:track:3EUl8M6SzxZl03NPkB8mUd
3,8,Ronm,gregamariani,1,"Party In The U.S.A.","Miley Cyrus",8,57,pop,spotify:track:5Q0Nhxo0l2bP3pNjpGJwV1
3,8,Ronm,lorimariani,3,Creep,Radiohead,0,42,alternative,spotify:track:70LcF31zb1H0PyJoS1Sx1r
3,8,Ronm,margs,2,"A Whole New World","Lea Salonga, Brad Kane, Disney",89,23,,spotify:track:1hwdPQtFHISvZ9SXMkNrIK
3,8,Ronm,mmariani13,2,"This Is How We Do It","Montell Jordan, Wino",90,58,,spotify:track:6uQKuonTU8VKBz5SHZuQXD
3,8,"Sasha Mariana",Mashew,2,"Bow Down",Geese,49,80,"art punk",spotify:track:5jR6zOQf3HtU2mifXWg6hE
3,8,"Sasha Mariana",Ronm,2,"Come and Get Your Love - Single Version",Redbone,25,57,,spotify:track:7GVUmCP00eSsqc4tzj1sDD
3,8,"Sasha Mariana",lorimariani,3,Creep,Radiohead,0,42,alternative,spotify:track:70LcF31zb1H0PyJoS1Sx1r
3,8,"Sasha Mariana",margs,2,"A Whole New World","Lea Salonga, Brad Kane, Disney",89,23,,spotify:track:1hwdPQtFHISvZ9SXMkNrIK
3,8,"Sasha Mariana",mmariani13,2,"This Is How We Do It","Montell Jordan, Wino",90,58,,spotify:track:6uQKuonTU8VKBz5SHZuQXD
3,8,gregamariani,lorimariani,3,Creep,Radiohead,0,42,alternative,spotify:track:70LcF31zb1H0PyJoS1Sx1r
3,8,gregamariani,margs,5,"A Whole New World","Lea Salonga, Brad Kane, Disney",89,23,,spotify:track:1hwdPQtFHISvZ9SXMkNrIK
3,8,gregamariani,mmariani13,3,"This Is How We Do It","Montell Jordan, Wino",90,58,,spotify:track:6uQKuonTU8VKBz5SHZuQXD
3,8,lorimariani,Kristin,1,"Mmm Mmm Mmm Mmm","Crash Test Dummies",41,18,,spotify:track:76nvqWPFucUra1xCkN1tnD
3,8,lorimariani,Ronm,3,"Come and Get Your Love - Single Version",Redbone,25,57,,spotify:track:7GVUmCP00eSsqc4tzj1sDD
3,8,lorimariani,"Sasha Mariana",3,"Neon Moon","Brooks & Dunn",43,36,country,spotify:track:3EUl8M6SzxZl03NPkB8mUd
3,8,lorimariani,gregamariani,1,"Party In The U.S.A.","Miley Cyrus",8,57,pop,spotify:track:5Q0Nhxo0l2bP3pNjpGJwV1
3,8,lorimariani,margs,1,"A Whole New World","Lea Salonga, Brad Kane, Disney",89,23,,spotify:track:1hwdPQtFHISvZ9SXMkNrIK
3,8,lorimariani,missmara,1,Anxiety,Doechii,32,34,"pop rap",spotify:track:3LPLRNr58Z9Pn0clnEtkXb
3,8,lorimariani,mmariani13,1,"This Is How We Do It","Montell Jordan, Wino",90,58,,spotify:track:6uQKuonTU8VKBz5SHZuQXD
3,8,margs,Ronm,2,"Come and Get Your Love - Single Version",Redbone,25,57,,spotify:track:7GVUmCP00eSsqc4tzj1sDD
3,8,margs,"Sasha Mariana",2,"Neon Moon","Brooks & Dunn",43,36,country,spotify:track:3EUl8M6SzxZl03NPkB8mUd
3,8,margs,gregamariani,3,"Party In The U.S.A.","Miley Cyrus",8,57,pop,spotify:track:5Q0Nhxo0l2bP3pNjpGJwV1
3,8,margs,lorimariani,2,Creep,Radiohead,0,42,alternative,spotify:track:70LcF31zb1H0PyJoS1Sx1r
3,8,margs,missmara,2,Anxiety,Doechii,32,34,"pop rap",spotify:track:3LPLRNr58Z9Pn0clnEtkXb
3,8,missmara,Kristin,2,"Mmm Mmm Mmm Mmm","Crash Test Dummies",41,18,,spotify:track:76nvqWPFucUra1xCkN1tnD
3,8,missmara,Mashew,4,"Bow Down",Geese,49,80,"art punk",spotify:track:5jR6zOQf3HtU2mifXWg6hE
3,8,missmara,lorimariani,3,Creep,Radiohead,0,42,alternative,spotify:track:70LcF31zb1H0PyJoS1Sx1r
3,8,missmara,margs,1,"A Whole New World","Lea Salonga, Brad Kane, Disney",89,23,,spotify:track:1hwdPQtFHISvZ9SXMkNrIK
3,8,missmara,mmariani13,1,"This Is How We Do It","Montell Jordan, Wino",90,58,,spotify:track:6uQKuonTU8VKBz5SHZuQXD
3,8,mmariani13,Kristin,2,"Mmm Mmm Mmm Mmm","Crash Test Dummies",41,18,,spotify:track:76nvqWPFucUra1xCkN1tnD
3,8,mmariani13,Mashew,1,"Bow Down",Geese,49,80,"art punk",spotify:track:5jR6zOQf3HtU2mifXWg6hE
3,8,mmariani13,Ronm,2,"Come and Get Your Love - Single Version",Redbone,25,57,,spotify:track:7GVUmCP00eSsqc4tzj1sDD
3,8,mmariani13,"Sasha Mariana",1,"Neon Moon","Brooks & Dunn",43,36,country,spotify:track:3EUl8M6SzxZl03NPkB8mUd
3,8,mmariani13,gregamariani,1,"Party In The U.S.A.","Miley Cyrus",8,57,pop,spotify:track:5Q0Nhxo0l2bP3pNjpGJwV1
3,8,mmariani13,lorimariani,1,Creep,Radiohead,0,42,alternative,spotify:track:70LcF31zb1H0PyJoS1Sx1r
3,8,mmariani13,missmara,3,Anxiety,Doechii,32,34,"pop rap",spotify:track:3LPLRNr58Z9Pn0clnEtkXb
